This is pdfTeX, Version 3.141592653-2.6-1.40.29 (TeX Live 2026) (preloaded format=pdflatex 2026.3.22)  26 MAY 2026 16:46
entering extended mode
 restricted \write18 enabled.
 file:line:error style messages enabled.
 %&-line parsing enabled.
**main.tex
(./main.tex
LaTeX2e <2025-11-01>
L3 programming layer <2026-01-19>
(./kaobook.cls
Document Class: kaobook 2021/06/02 v0.9.7 kaobook
(/usr/local/texlive/2026/texmf-dist/tex/latex/koma-script/scrbook.cls
Document Class: scrbook 2026/02/02 v3.49.2 KOMA-Script document class (book)
(/usr/local/texlive/2026/texmf-dist/tex/latex/koma-script/scrkbase.sty
Package: scrkbase 2026/02/02 v3.49.2 KOMA-Script package (KOMA-Script-dependent
 basics and keyval usage)

(/usr/local/texlive/2026/texmf-dist/tex/latex/koma-script/scrbase.sty
Package: scrbase 2026/02/02 v3.49.2 KOMA-Script package (KOMA-Script-independen
t basics and keyval usage)

(/usr/local/texlive/2026/texmf-dist/tex/latex/koma-script/scrlfile.sty
Package: scrlfile 2026/02/02 v3.49.2 KOMA-Script package (file load hooks)

(/usr/local/texlive/2026/texmf-dist/tex/latex/koma-script/scrlfile-hook.sty
Package: scrlfile-hook 2026/02/02 v3.49.2 KOMA-Script package (using LaTeX hook
s)

(/usr/local/texlive/2026/texmf-dist/tex/latex/koma-script/scrlogo.sty
Package: scrlogo 2026/02/02 v3.49.2 KOMA-Script package (logo)
)))
(/usr/local/texlive/2026/texmf-dist/tex/latex/graphics/keyval.sty
Package: keyval 2022/05/29 v1.15 key=value parser (DPC)
\KV@toks@=\toks17
)
Applying: [2021/05/01] Usage of raw or classic option list on input line 254.
Already applied: [0000/00/00] Usage of raw or classic option list on input line
 370.
))
(/usr/local/texlive/2026/texmf-dist/tex/latex/koma-script/tocbasic.sty
Package: tocbasic 2026/02/02 v3.49.2 KOMA-Script package (handling toc-files)
\scr@dte@tocline@numberwidth=\skip49
\scr@dte@tocline@numbox=\box53
)
Package tocbasic Info: omitting babel extension for `toc'
(tocbasic)             because of feature `nobabel' available
(tocbasic)             for `toc' on input line 143.
Class scrbook Info: File `scrsize10pt.clo' used to setup font sizes on input li
ne 2713.

(/usr/local/texlive/2026/texmf-dist/tex/latex/koma-script/scrsize10pt.clo
File: scrsize10pt.clo 2026/02/02 v3.49.2 KOMA-Script font size class option (10
pt)
)
(/usr/local/texlive/2026/texmf-dist/tex/latex/koma-script/typearea.sty
Package: typearea 2026/02/02 v3.49.2 KOMA-Script package (type area)
\ta@bcor=\skip50
\ta@div=\count275
Package typearea Info: You've used standard option `a4paper'.
(typearea)             This is correct!
(typearea)             Internally I'm using `paper=a4'.
(typearea)             If you'd like to set the option with \KOMAoptions,
(typearea)             you'd have to use `paper=a4' there
(typearea)             instead of `a4paper', too.
\ta@hblk=\skip51
\ta@vblk=\skip52
\ta@temp=\skip53
\footheight=\skip54
Package typearea Info: These are the values describing the layout:
(typearea)             DIV  = 8
(typearea)             BCOR = 0.0pt
(typearea)             \paperwidth      = 597.50793pt
(typearea)              \textwidth      = 373.44246pt
(typearea)              DIV departure   = -4%
(typearea)              \evensidemargin = 77.107pt
(typearea)              \oddsidemargin  = 2.4185pt
(typearea)             \paperheight     = 845.04694pt
(typearea)              \textheight     = 538.0pt
(typearea)              \topmargin      = 0.36087pt
(typearea)              \headheight     = 15.0pt
(typearea)              \headsep        = 18.0pt
(typearea)              \topskip        = 10.0pt
(typearea)              \footskip       = 42.0pt
(typearea)              \baselineskip   = 12.0pt
(typearea)              on input line 1810.
)
\c@part=\count276
\c@chapter=\count277
\c@section=\count278
\c@subsection=\count279
\c@subsubsection=\count280
\c@paragraph=\count281
\c@subparagraph=\count282
\scr@dte@chapter@maxnumwidth=\skip55
Class scrbook Info: using compatibility default `afterindent=bysign'
(scrbook)           for `\chapter on input line 5945.
\scr@dte@section@maxnumwidth=\skip56
Class scrbook Info: using compatibility default `runin=bysign'
(scrbook)           for `\section on input line 5956.
Class scrbook Info: using compatibility default `afterindent=bysign'
(scrbook)           for `\section on input line 5956.
\scr@dte@part@maxnumwidth=\skip57
Class scrbook Info: using compatibility default `afterindent=true'
(scrbook)           for `\part on input line 5965.
\scr@dte@subsection@maxnumwidth=\skip58
Class scrbook Info: using compatibility default `runin=bysign'
(scrbook)           for `\subsection on input line 5975.
Class scrbook Info: using compatibility default `afterindent=bysign'
(scrbook)           for `\subsection on input line 5975.
\scr@dte@subsubsection@maxnumwidth=\skip59
Class scrbook Info: using compatibility default `runin=bysign'
(scrbook)           for `\subsubsection on input line 5985.
Class scrbook Info: using compatibility default `afterindent=bysign'
(scrbook)           for `\subsubsection on input line 5985.
\scr@dte@paragraph@maxnumwidth=\skip60
Class scrbook Info: using compatibility default `runin=bysign'
(scrbook)           for `\paragraph on input line 5996.
Class scrbook Info: using compatibility default `afterindent=bysign'
(scrbook)           for `\paragraph on input line 5996.
\scr@dte@subparagraph@maxnumwidth=\skip61
Class scrbook Info: using compatibility default `runin=bysign'
(scrbook)           for `\subparagraph on input line 6006.
Class scrbook Info: using compatibility default `afterindent=bysign'
(scrbook)           for `\subparagraph on input line 6006.
\abovecaptionskip=\skip62
\belowcaptionskip=\skip63
\c@pti@nb@sid@b@x=\box54
Package tocbasic Info: omitting babel extension for `lof'
(tocbasic)             because of feature `nobabel' available
(tocbasic)             for `lof' on input line 7242.
\scr@dte@figure@maxnumwidth=\skip64
\c@figure=\count283
Package tocbasic Info: omitting babel extension for `lot'
(tocbasic)             because of feature `nobabel' available
(tocbasic)             for `lot' on input line 7255.
\scr@dte@table@maxnumwidth=\skip65
\c@table=\count284
Class scrbook Info: Redefining `\numberline' on input line 7426.
\bibindent=\dimen148
)
(./kao.sty
Package: kao 
 (/usr/local/texlive/2026/texmf-dist/tex/latex/etoolbox/etoolbox.sty
Package: etoolbox 2025/10/02 v2.5m e-TeX tools for LaTeX (JAW)
\etb@tempcnta=\count285
) (/usr/local/texlive/2026/texmf-dist/tex/latex/tools/calc.sty
Package: calc 2025/03/01 v4.3b Infix arithmetic (KKT,FJ)
\calc@Acount=\count286
\calc@Bcount=\count287
\calc@Adimen=\dimen149
\calc@Bdimen=\dimen150
\calc@Askip=\skip66
\calc@Bskip=\skip67
LaTeX Info: Redefining \setlength on input line 86.
LaTeX Info: Redefining \addtolength on input line 87.
\calc@Ccount=\count288
\calc@Cskip=\skip68
)
(/usr/local/texlive/2026/texmf-dist/tex/latex/xcolor/xcolor.sty
Package: xcolor 2024/09/29 v3.02 LaTeX color extensions (UK)

(/usr/local/texlive/2026/texmf-dist/tex/latex/graphics-cfg/color.cfg
File: color.cfg 2016/01/02 v1.6 sample color configuration
)

Package xcolor Warning: Package option `usenames' is obsolete and ignored on in
put line 265.

Package xcolor Info: Driver file: pdftex.def on input line 274.
(/usr/local/texlive/2026/texmf-dist/tex/latex/graphics-def/pdftex.def
File: pdftex.def 2025/09/29 v1.2d Graphics/color driver for pdftex
)
(/usr/local/texlive/2026/texmf-dist/tex/latex/graphics/mathcolor.ltx)
Package xcolor Info: Model `cmy' substituted by `cmy0' on input line 1349.
Package xcolor Info: Model `hsb' substituted by `rgb' on input line 1353.
Package xcolor Info: Model `RGB' extended on input line 1365.
Package xcolor Info: Model `HTML' substituted by `rgb' on input line 1367.
Package xcolor Info: Model `Hsb' substituted by `hsb' on input line 1368.
Package xcolor Info: Model `tHsb' substituted by `hsb' on input line 1369.
Package xcolor Info: Model `HSB' substituted by `hsb' on input line 1370.
Package xcolor Info: Model `Gray' substituted by `gray' on input line 1371.
Package xcolor Info: Model `wave' substituted by `hsb' on input line 1372.
)
(/usr/local/texlive/2026/texmf-dist/tex/latex/graphics/dvipsnam.def
File: dvipsnam.def 2016/06/17 v3.0m Driver-dependent file (DPC,SPQR)
)
(/usr/local/texlive/2026/texmf-dist/tex/latex/colortbl/colortbl.sty
Package: colortbl 2024/10/29 v1.0k Color table columns (DPC)

(/usr/local/texlive/2026/texmf-dist/tex/latex/tools/array.sty
Package: array 2025/09/25 v2.6n Tabular extension package (FMi)
\col@sep=\dimen151
\ar@mcellbox=\box55
\extrarowheight=\dimen152
\NC@list=\toks18
\extratabsurround=\skip69
\backup@length=\skip70
\ar@cellbox=\box56
)
\everycr=\toks19
\minrowclearance=\skip71
\rownum=\count289
)
(/usr/local/texlive/2026/texmf-dist/tex/generic/iftex/iftex.sty
Package: iftex 2024/12/12 v1.0g TeX engine tests
)
(/usr/local/texlive/2026/texmf-dist/tex/latex/xifthen/xifthen.sty
Package: xifthen 2015/11/05 v1.4.0 Extended ifthen features

(/usr/local/texlive/2026/texmf-dist/tex/latex/base/ifthen.sty
Package: ifthen 2024/03/16 v1.1e Standard LaTeX ifthen package (DPC)
)
(/usr/local/texlive/2026/texmf-dist/tex/latex/ifmtarg/ifmtarg.sty
Package: ifmtarg 2018/04/16 v1.2b check for an empty argument
))
(/usr/local/texlive/2026/texmf-dist/tex/latex/options/options.sty
Package: options 2015/03/01, Daan Leijen, Provides convenient path-value (or ke
y-value) options
\opt@nesting=\count290
\opt@idx=\count291
\opt@choiceord=\count292
)
(/usr/local/texlive/2026/texmf-dist/tex/latex/l3packages/xparse/xparse.sty
(/usr/local/texlive/2026/texmf-dist/tex/latex/l3kernel/expl3.sty
Package: expl3 2026-01-19 L3 programming layer (loader) 

(/usr/local/texlive/2026/texmf-dist/tex/latex/l3backend/l3backend-pdftex.def
File: l3backend-pdftex.def 2025-10-09 L3 backend support: PDF output (pdfTeX)
\l__color_backend_stack_int=\count293
))
Package: xparse 2025-10-09 L3 Experimental document command parser
) (/usr/local/texlive/2026/texmf-dist/tex/latex/xpatch/xpatch.sty
Package: xpatch 2020/03/25 v0.3a Extending etoolbox patching commands
)
(/usr/local/texlive/2026/texmf-dist/tex/generic/xstring/xstring.sty
(/usr/local/texlive/2026/texmf-dist/tex/generic/xstring/xstring.tex
\xs_counta=\count294
\xs_countb=\count295
)
Package: xstring 2023/08/22 v1.86 String manipulations (CT)
)
(/usr/local/texlive/2026/texmf-dist/tex/latex/tools/afterpage.sty
Package: afterpage 2023/07/04 v1.08 After-Page Package (DPC)
\AP@output=\toks20
\AP@partial=\box57
\AP@footins=\box58
)
(/usr/local/texlive/2026/texmf-dist/tex/latex/imakeidx/imakeidx.sty
Package: imakeidx 2016/10/15 v1.3e Package for typesetting indices in a synchro
nous mode

(/usr/local/texlive/2026/texmf-dist/tex/latex/xkeyval/xkeyval.sty
Package: xkeyval 2025/11/04 v2.10 package option processing (HA)

(/usr/local/texlive/2026/texmf-dist/tex/generic/xkeyval/xkeyval.tex
(/usr/local/texlive/2026/texmf-dist/tex/generic/xkeyval/xkvutils.tex
\XKV@toks=\toks21
\XKV@tempa@toks=\toks22
\XKV@tempb@toks=\toks23
)
\XKV@depth=\count296
File: xkeyval.tex 2014/12/03 v2.7a key=value parser (HA)
))
(/usr/local/texlive/2026/texmf-dist/tex/generic/iftex/ifxetex.sty
Package: ifxetex 2019/10/25 v0.7 ifxetex legacy package. Use iftex instead.
)
(/usr/local/texlive/2026/texmf-dist/tex/generic/iftex/ifluatex.sty
Package: ifluatex 2019/10/25 v1.5 ifluatex legacy package. Use iftex instead.
)
(/usr/local/texlive/2026/texmf-dist/tex/latex/tools/multicol.sty
Package: multicol 2025/10/21 v2.0b multicolumn formatting (FMi)
\c@tracingmulticols=\count297
\mult@box=\box59
\multicol@leftmargin=\dimen153
\c@unbalance=\count298
\c@collectmore=\count299
\doublecol@number=\count300
\multicoltolerance=\count301
\multicolpretolerance=\count302
\full@width=\dimen154
\page@free=\dimen155
\premulticols=\dimen156
\postmulticols=\dimen157
\multicolsep=\skip72
\multicolbaselineskip=\skip73
\partial@page=\box60
\last@line=\box61
\mc@boxedresult=\box62
\maxbalancingoverflow=\dimen158
\mult@rightbox=\box63
\mult@grightbox=\box64
\mult@firstbox=\box65
\mult@gfirstbox=\box66
\@tempa=\box67
\@tempa=\box68
\@tempa=\box69
\@tempa=\box70
\@tempa=\box71
\@tempa=\box72
\@tempa=\box73
\@tempa=\box74
\@tempa=\box75
\@tempa=\box76
\@tempa=\box77
\@tempa=\box78
\@tempa=\box79
\@tempa=\box80
\@tempa=\box81
\@tempa=\box82
\@tempa=\box83
\@tempa=\box84
\@tempa=\box85
\@tempa=\box86
\@tempa=\box87
\@tempa=\box88
\@tempa=\box89
\@tempa=\box90
\@tempa=\box91
\@tempa=\box92
\@tempa=\box93
\@tempa=\box94
\@tempa=\box95
\@tempa=\box96
\@tempa=\box97
\@tempa=\box98
\@tempa=\box99
\@tempa=\box100
\@tempa=\box101
\@tempa=\box102
\c@minrows=\count303
\c@columnbadness=\count304
\c@finalcolumnbadness=\count305
\last@try=\dimen159
\multicolovershoot=\dimen160
\multicolundershoot=\dimen161
\mult@nat@firstbox=\box103
\colbreak@box=\box104
\mc@col@check@num=\count306
\g__mc_curr_col_int=\count307
))
(/usr/local/texlive/2026/texmf-dist/tex/latex/tools/varioref.sty
Package: varioref 2025/01/14 v1.6g package for extended references (FMi)
\c@vrcnt=\count308
)
\hscale=\skip74
\vscale=\skip75

(/usr/local/texlive/2026/texmf-dist/tex/latex/geometry/geometry.sty
Package: geometry 2026/03/07 v6.0 Page Geometry

(/usr/local/texlive/2026/texmf-dist/tex/generic/iftex/ifvtex.sty
Package: ifvtex 2019/10/25 v1.7 ifvtex legacy package. Use iftex instead.
)
\Gm@cnth=\count309
\Gm@cntv=\count310
\c@Gm@tempcnt=\count311
\Gm@bindingoffset=\dimen162
\Gm@wd@mp=\dimen163
\Gm@odd@mp=\dimen164
\Gm@even@mp=\dimen165
\Gm@layoutwidth=\dimen166
\Gm@layoutheight=\dimen167
\Gm@layouthoffset=\dimen168
\Gm@layoutvoffset=\dimen169
\Gm@dimlist=\toks24
)
(/usr/local/texlive/2026/texmf-dist/tex/latex/koma-script/scrlayer-scrpage.sty
Package: scrlayer-scrpage 2026/02/02 v3.49.2 KOMA-Script package (end user inte
rface for scrlayer)

(/usr/local/texlive/2026/texmf-dist/tex/latex/koma-script/scrlayer.sty
Package: scrlayer 2026/02/02 v3.49.2 KOMA-Script package (defining layers and p
age styles)
Package scrlayer Info: patching LaTeX kernel macro \pagestyle on input line 217
9.
)
Package scrlayer-scrpage Info: Makeing stand-alone element `pagehead' from
(scrlayer-scrpage)             alias to `pageheadfoot' on input line 1106.
)
\headtextwidth=\skip76
\headmarginparsep=\skip77
\headmarginparwidth=\skip78
\headtotal=\skip79

(/usr/local/texlive/2026/texmf-dist/tex/latex/ragged2e/ragged2e.sty
Package: ragged2e 2023/06/22 v3.6 ragged2e Package
\CenteringLeftskip=\skip80
\RaggedLeftLeftskip=\skip81
\RaggedRightLeftskip=\skip82
\CenteringRightskip=\skip83
\RaggedLeftRightskip=\skip84
\RaggedRightRightskip=\skip85
\CenteringParfillskip=\skip86
\RaggedLeftParfillskip=\skip87
\RaggedRightParfillskip=\skip88
\JustifyingParfillskip=\skip89
\CenteringParindent=\skip90
\RaggedLeftParindent=\skip91
\RaggedRightParindent=\skip92
\JustifyingParindent=\skip93
)
(/usr/local/texlive/2026/texmf-dist/tex/latex/setspace/setspace.sty
Package: setspace 2022/12/04 v6.7b set line spacing
)
(/usr/local/texlive/2026/texmf-dist/tex/latex/hyphenat/hyphenat.sty
Package: hyphenat 2009/09/02 v2.3c hyphenation utilities
\langwohyphens=\language91
LaTeX Info: Redefining \_ on input line 43.
)
(/usr/local/texlive/2026/texmf-dist/tex/latex/microtype/microtype.sty
Package: microtype 2026/03/01 v3.2d Micro-typographical refinements (RS)
\MT@toks=\toks25
\MT@tempbox=\box105
\MT@count=\count312
LaTeX Info: Redefining \noprotrusionifhmode on input line 1084.
LaTeX Info: Redefining \leftprotrusion on input line 1085.
\MT@prot@toks=\toks26
LaTeX Info: Redefining \rightprotrusion on input line 1104.
LaTeX Info: Redefining \textls on input line 1449.
\MT@outer@kern=\dimen170
LaTeX Info: Redefining \microtypecontext on input line 2053.
LaTeX Info: Redefining \textmicrotypecontext on input line 2070.
\MT@listname@count=\count313

(/usr/local/texlive/2026/texmf-dist/tex/latex/microtype/microtype-pdftex.def
File: microtype-pdftex.def 2026/03/01 v3.2d Definitions specific to pdftex (RS)

LaTeX Info: Redefining \lsstyle on input line 944.
LaTeX Info: Redefining \lslig on input line 944.
\MT@outer@space=\skip94
)
Package microtype Info: Loading configuration file microtype.cfg.

(/usr/local/texlive/2026/texmf-dist/tex/latex/microtype/microtype.cfg
File: microtype.cfg 2026/03/01 v3.2d microtype main configuration file (RS)
)
LaTeX Info: Redefining \microtypesetup on input line 3065.
)
(/usr/local/texlive/2026/texmf-dist/tex/latex/needspace/needspace.sty
Package: needspace 2025/03/13 v1.3e reserve vertical space
)
(/usr/local/texlive/2026/texmf-dist/tex/latex/tools/xspace.sty
Package: xspace 2014/10/28 v1.13 Space after command names (DPC,MH)
)
(/usr/local/texlive/2026/texmf-dist/tex/latex/placeins/placeins.sty
Package: placeins 2005/04/18  v 2.2
)
(/usr/local/texlive/2026/texmf-dist/tex/latex/marginnote/marginnote.sty
Package: marginnote 2026/01/02 1.4d non floating margin notes for LaTeX 
\c@mn@abspage=\count314
)
(/usr/local/texlive/2026/texmf-dist/tex/latex/marginfix/marginfix.sty
Package: marginfix 2020/05/06 v1.2 Fix Margin Paragraphs
\Mfx@inject@insert=\insert252
\Mfx@marginbox=\box106
\Mfx@marginpos@min=\dimen171
\Mfx@marginpos@max=\dimen172
\Mfx@marginspace=\dimen173
\Mfx@marginheight=\dimen174
\Mfx@piece@content=\box107
\Mfx@piece@count=\count315
\Mfx@mparshift=\dimen175
\marginheightadjustment=\dimen176
\marginposadjustment=\dimen177
\Mfx@strutheight=\dimen178
)
==> First Aid for marginfix.sty applied!
(/usr/local/texlive/2026/texmf-dist/tex/latex/sidenotes/sidenotes.sty
(/usr/local/texlive/2026/texmf-dist/tex/latex/l3packages/l3keys2e/l3keys2e.sty
Package: l3keys2e 2025-10-09 LaTeX2e option processing using LaTeX3 keys
)
Package: sidenotes 2024/09/12 v1.20 Rich text in the margin for LaTeX
(/usr/local/texlive/2026/texmf-dist/tex/latex/caption/caption.sty
Package: caption 2023/08/05 v3.6o Customizing captions (AR)

Package tocbasic Info: Loading of class-dependent code for package caption3
(tocbasic)             prevented on line 50.


(/usr/local/texlive/2026/texmf-dist/tex/latex/caption/caption3.sty
Package: caption3 2023/07/31 v2.4d caption3 kernel (AR)
\caption@tempdima=\dimen179
\captionmargin=\dimen180
\caption@leftmargin=\dimen181
\caption@rightmargin=\dimen182
\caption@width=\dimen183
\caption@indent=\dimen184
\caption@parindent=\dimen185
\caption@hangindent=\dimen186
)
\c@caption@flags=\count316
\c@continuedfloat=\count317
)
(/usr/local/texlive/2026/texmf-dist/tex/latex/changepage/changepage.sty
Package: changepage 2009/10/20 v1.0c check page and change page layout
\c@cp@cntr=\count318
\cp@tempcnt=\count319
)
\c@sidenote=\count320
\@sidenotes@marginfigurebox=\box108
\@sidenotes@margintablebox=\box109
)
(/usr/local/texlive/2026/texmf-dist/tex/latex/chngcntr/chngcntr.sty
Package: chngcntr 2018/04/09 v1.1a change counter resetting
Package chngcntr Info: \counterwithout already defined.
(chngcntr)             Quitting chngcntr on input line 21.
)
(/usr/local/texlive/2026/texmf-dist/tex/latex/footmisc/footmisc.sty
Package: footmisc 2025/05/09 v7.0b a miscellany of footnote facilities
\FN@temptoken=\toks27
\footnotemargin=\dimen187
Package footmisc Info: Declaring symbol style bringhurst on input line 549.
Package footmisc Info: Declaring symbol style chicago on input line 557.
Package footmisc Info: Declaring symbol style wiley on input line 566.
Package footmisc Info: Declaring symbol style lamport-robust on input line 577.

Package footmisc Info: Declaring symbol style lamport* on input line 597.
Package footmisc Info: Declaring symbol style lamport*-robust on input line 618
.
)
(/usr/local/texlive/2026/texmf-dist/tex/latex/footnotebackref/footnotebackref.s
ty
Package: footnotebackref 2012/07/01 v1.0 Backreferences for footnotes (Holger L
ange)
 (/usr/local/texlive/2026/texmf-dist/tex/latex/letltxmacro/letltxmacro.sty
Package: letltxmacro 2019/12/03 v1.6 Let assignment for LaTeX macros (HO)
)
(/usr/local/texlive/2026/texmf-dist/tex/latex/hyperref/hyperref.sty
Package: hyperref 2026-01-29 v7.01p Hypertext links for LaTeX

(/usr/local/texlive/2026/texmf-dist/tex/latex/kvsetkeys/kvsetkeys.sty
Package: kvsetkeys 2022-10-05 v1.19 Key value parser (HO)
)
(/usr/local/texlive/2026/texmf-dist/tex/generic/kvdefinekeys/kvdefinekeys.sty
Package: kvdefinekeys 2019-12-19 v1.6 Define keys (HO)
)
(/usr/local/texlive/2026/texmf-dist/tex/generic/pdfescape/pdfescape.sty
Package: pdfescape 2019/12/09 v1.15 Implements pdfTeX's escape features (HO)

(/usr/local/texlive/2026/texmf-dist/tex/generic/ltxcmds/ltxcmds.sty
Package: ltxcmds 2023-12-04 v1.26 LaTeX kernel commands for general use (HO)
)
(/usr/local/texlive/2026/texmf-dist/tex/generic/pdftexcmds/pdftexcmds.sty
Package: pdftexcmds 2020-06-27 v0.33 Utility functions of pdfTeX for LuaTeX (HO
)

(/usr/local/texlive/2026/texmf-dist/tex/generic/infwarerr/infwarerr.sty
Package: infwarerr 2019/12/03 v1.5 Providing info/warning/error messages (HO)
)
Package pdftexcmds Info: \pdf@primitive is available.
Package pdftexcmds Info: \pdf@ifprimitive is available.
Package pdftexcmds Info: \pdfdraftmode found.
))
(/usr/local/texlive/2026/texmf-dist/tex/latex/hycolor/hycolor.sty
Package: hycolor 2020-01-27 v1.10 Color options for hyperref/bookmark (HO)
)
(/usr/local/texlive/2026/texmf-dist/tex/latex/hyperref/nameref.sty
Package: nameref 2026-01-29 v2.58 Cross-referencing by name of section

(/usr/local/texlive/2026/texmf-dist/tex/latex/refcount/refcount.sty
Package: refcount 2019/12/15 v3.6 Data extraction from label references (HO)
)
(/usr/local/texlive/2026/texmf-dist/tex/generic/gettitlestring/gettitlestring.s
ty
Package: gettitlestring 2019/12/15 v1.6 Cleanup title references (HO)
 (/usr/local/texlive/2026/texmf-dist/tex/latex/kvoptions/kvoptions.sty
Package: kvoptions 2022-06-15 v3.15 Key value format for package options (HO)
))
\c@section@level=\count321
)
(/usr/local/texlive/2026/texmf-dist/tex/generic/stringenc/stringenc.sty
Package: stringenc 2019/11/29 v1.12 Convert strings between diff. encodings (HO
)
)
\@linkdim=\dimen188
\Hy@linkcounter=\count322
\Hy@pagecounter=\count323

(/usr/local/texlive/2026/texmf-dist/tex/latex/hyperref/pd1enc.def
File: pd1enc.def 2026-01-29 v7.01p Hyperref: PDFDocEncoding definition (HO)
Now handling font encoding PD1 ...
... no UTF-8 mapping file for font encoding PD1
)
(/usr/local/texlive/2026/texmf-dist/tex/generic/intcalc/intcalc.sty
Package: intcalc 2019/12/15 v1.3 Expandable calculations with integers (HO)
)
\Hy@SavedSpaceFactor=\count324

(/usr/local/texlive/2026/texmf-dist/tex/latex/hyperref/puenc.def
File: puenc.def 2026-01-29 v7.01p Hyperref: PDF Unicode definition (HO)
Now handling font encoding PU ...
... no UTF-8 mapping file for font encoding PU
)
Package hyperref Info: Hyper figures OFF on input line 4201.
Package hyperref Info: Link nesting OFF on input line 4206.
Package hyperref Info: Hyper index ON on input line 4209.
Package hyperref Info: Plain pages OFF on input line 4216.
Package hyperref Info: Backreferencing OFF on input line 4221.
Package hyperref Info: Implicit mode ON; LaTeX internals redefined.
Package hyperref Info: Bookmarks ON on input line 4468.
\c@Hy@tempcnt=\count325

(/usr/local/texlive/2026/texmf-dist/tex/latex/url/url.sty
\Urlmuskip=\muskip17
Package: url 2013/09/16  ver 3.4  Verb mode for urls, etc.
)
LaTeX Info: Redefining \url on input line 4807.
\XeTeXLinkMargin=\dimen189

(/usr/local/texlive/2026/texmf-dist/tex/generic/bitset/bitset.sty
Package: bitset 2019/12/09 v1.3 Handle bit-vector datatype (HO)

(/usr/local/texlive/2026/texmf-dist/tex/generic/bigintcalc/bigintcalc.sty
Package: bigintcalc 2019/12/15 v1.5 Expandable calculations on big integers (HO
)
))
\Fld@menulength=\count326
\Field@Width=\dimen190
\Fld@charsize=\dimen191
Package hyperref Info: Hyper figures OFF on input line 6084.
Package hyperref Info: Link nesting OFF on input line 6089.
Package hyperref Info: Hyper index ON on input line 6092.
Package hyperref Info: backreferencing OFF on input line 6099.
Package hyperref Info: Link coloring OFF on input line 6104.
Package hyperref Info: Link coloring with OCG OFF on input line 6109.
Package hyperref Info: PDF/A mode OFF on input line 6114.
\Hy@abspage=\count327
\c@Item=\count328
\c@Hfootnote=\count329
)
Package hyperref Info: Driver (autodetected): hpdftex.

(/usr/local/texlive/2026/texmf-dist/tex/latex/hyperref/hpdftex.def
File: hpdftex.def 2026-01-29 v7.01p Hyperref driver for pdfTeX
\Fld@listcount=\count330
\c@bookmark@seq@number=\count331

(/usr/local/texlive/2026/texmf-dist/tex/latex/rerunfilecheck/rerunfilecheck.sty
Package: rerunfilecheck 2025-06-21 v1.11 Rerun checks for auxiliary files (HO)

(/usr/local/texlive/2026/texmf-dist/tex/generic/uniquecounter/uniquecounter.sty
Package: uniquecounter 2019/12/15 v1.4 Provide unlimited unique counter (HO)
)
Package uniquecounter Info: New unique counter `rerunfilecheck' on input line 2
84.
)
\Hy@SectionHShift=\skip95
)
\c@BackrefHyperFootnoteCounter=\count332
) (/usr/local/texlive/2026/texmf-dist/tex/latex/graphics/graphicx.sty
Package: graphicx 2024/12/31 v1.2e Enhanced LaTeX Graphics (DPC,SPQR)

(/usr/local/texlive/2026/texmf-dist/tex/latex/graphics/graphics.sty
Package: graphics 2024/08/06 v1.4g Standard LaTeX Graphics (DPC,SPQR)

(/usr/local/texlive/2026/texmf-dist/tex/latex/graphics/trig.sty
Package: trig 2023/12/02 v1.11 sin cos tan (DPC)
)
(/usr/local/texlive/2026/texmf-dist/tex/latex/graphics-cfg/graphics.cfg
File: graphics.cfg 2016/06/04 v1.11 sample graphics configuration
)
Package graphics Info: Driver file: pdftex.def on input line 106.
)
\Gin@req@height=\dimen192
\Gin@req@width=\dimen193
)
(/usr/local/texlive/2026/texmf-dist/tex/latex/pgf/frontendlayer/tikz.sty
(/usr/local/texlive/2026/texmf-dist/tex/latex/pgf/basiclayer/pgf.sty
(/usr/local/texlive/2026/texmf-dist/tex/latex/pgf/utilities/pgfrcs.sty
(/usr/local/texlive/2026/texmf-dist/tex/generic/pgf/utilities/pgfutil-common.te
x
\pgfutil@everybye=\toks28
\pgfutil@tempdima=\dimen194
\pgfutil@tempdimb=\dimen195
)
(/usr/local/texlive/2026/texmf-dist/tex/generic/pgf/utilities/pgfutil-latex.def
\pgfutil@abb=\box110
) (/usr/local/texlive/2026/texmf-dist/tex/generic/pgf/utilities/pgfrcs.code.tex
(/usr/local/texlive/2026/texmf-dist/tex/generic/pgf/pgf.revision.tex)
Package: pgfrcs 2025-08-29 v3.1.11a (3.1.11a)
))
Package: pgf 2025-08-29 v3.1.11a (3.1.11a)

(/usr/local/texlive/2026/texmf-dist/tex/latex/pgf/basiclayer/pgfcore.sty
(/usr/local/texlive/2026/texmf-dist/tex/latex/pgf/systemlayer/pgfsys.sty
(/usr/local/texlive/2026/texmf-dist/tex/generic/pgf/systemlayer/pgfsys.code.tex
Package: pgfsys 2025-08-29 v3.1.11a (3.1.11a)
(/usr/local/texlive/2026/texmf-dist/tex/generic/pgf/utilities/pgfkeys.code.tex
\pgfkeys@pathtoks=\toks29
\pgfkeys@temptoks=\toks30

(/usr/local/texlive/2026/texmf-dist/tex/generic/pgf/utilities/pgfkeyslibraryfil
tered.code.tex
\pgfkeys@tmptoks=\toks31
))
\pgf@x=\dimen196
\pgf@y=\dimen197
\pgf@xa=\dimen198
\pgf@ya=\dimen199
\pgf@xb=\dimen256
\pgf@yb=\dimen257
\pgf@xc=\dimen258
\pgf@yc=\dimen259
\pgf@xd=\dimen260
\pgf@yd=\dimen261
\w@pgf@writea=\write3
\r@pgf@reada=\read2
\c@pgf@counta=\count333
\c@pgf@countb=\count334
\c@pgf@countc=\count335
\c@pgf@countd=\count336
\t@pgf@toka=\toks32
\t@pgf@tokb=\toks33
\t@pgf@tokc=\toks34
\pgf@sys@id@count=\count337

(/usr/local/texlive/2026/texmf-dist/tex/generic/pgf/systemlayer/pgf.cfg
File: pgf.cfg 2025-08-29 v3.1.11a (3.1.11a)
)
Driver file for pgf: pgfsys-pdftex.def

(/usr/local/texlive/2026/texmf-dist/tex/generic/pgf/systemlayer/pgfsys-pdftex.d
ef
File: pgfsys-pdftex.def 2025-08-29 v3.1.11a (3.1.11a)

(/usr/local/texlive/2026/texmf-dist/tex/generic/pgf/systemlayer/pgfsys-common-p
df.def
File: pgfsys-common-pdf.def 2025-08-29 v3.1.11a (3.1.11a)
)))
(/usr/local/texlive/2026/texmf-dist/tex/generic/pgf/systemlayer/pgfsyssoftpath.
code.tex
File: pgfsyssoftpath.code.tex 2025-08-29 v3.1.11a (3.1.11a)
\pgfsyssoftpath@smallbuffer@items=\count338
\pgfsyssoftpath@bigbuffer@items=\count339
)
(/usr/local/texlive/2026/texmf-dist/tex/generic/pgf/systemlayer/pgfsysprotocol.
code.tex
File: pgfsysprotocol.code.tex 2025-08-29 v3.1.11a (3.1.11a)
))
(/usr/local/texlive/2026/texmf-dist/tex/generic/pgf/basiclayer/pgfcore.code.tex
Package: pgfcore 2025-08-29 v3.1.11a (3.1.11a)
(/usr/local/texlive/2026/texmf-dist/tex/generic/pgf/math/pgfmath.code.tex
(/usr/local/texlive/2026/texmf-dist/tex/generic/pgf/math/pgfmathutil.code.tex)
(/usr/local/texlive/2026/texmf-dist/tex/generic/pgf/math/pgfmathparser.code.tex
\pgfmath@dimen=\dimen262
\pgfmath@count=\count340
\pgfmath@box=\box111
\pgfmath@toks=\toks35
\pgfmath@stack@operand=\toks36
\pgfmath@stack@operation=\toks37
)
(/usr/local/texlive/2026/texmf-dist/tex/generic/pgf/math/pgfmathfunctions.code.
tex)
(/usr/local/texlive/2026/texmf-dist/tex/generic/pgf/math/pgfmathfunctions.basic
.code.tex)
(/usr/local/texlive/2026/texmf-dist/tex/generic/pgf/math/pgfmathfunctions.trigo
nometric.code.tex)
(/usr/local/texlive/2026/texmf-dist/tex/generic/pgf/math/pgfmathfunctions.rando
m.code.tex)
(/usr/local/texlive/2026/texmf-dist/tex/generic/pgf/math/pgfmathfunctions.compa
rison.code.tex)
(/usr/local/texlive/2026/texmf-dist/tex/generic/pgf/math/pgfmathfunctions.base.
code.tex)
(/usr/local/texlive/2026/texmf-dist/tex/generic/pgf/math/pgfmathfunctions.round
.code.tex)
(/usr/local/texlive/2026/texmf-dist/tex/generic/pgf/math/pgfmathfunctions.misc.
code.tex)
(/usr/local/texlive/2026/texmf-dist/tex/generic/pgf/math/pgfmathfunctions.integ
erarithmetics.code.tex)
(/usr/local/texlive/2026/texmf-dist/tex/generic/pgf/math/pgfmathcalc.code.tex)
(/usr/local/texlive/2026/texmf-dist/tex/generic/pgf/math/pgfmathfloat.code.tex
\c@pgfmathroundto@lastzeros=\count341
)) (/usr/local/texlive/2026/texmf-dist/tex/generic/pgf/math/pgfint.code.tex)
(/usr/local/texlive/2026/texmf-dist/tex/generic/pgf/basiclayer/pgfcorepoints.co
de.tex
File: pgfcorepoints.code.tex 2025-08-29 v3.1.11a (3.1.11a)
\pgf@picminx=\dimen263
\pgf@picmaxx=\dimen264
\pgf@picminy=\dimen265
\pgf@picmaxy=\dimen266
\pgf@pathminx=\dimen267
\pgf@pathmaxx=\dimen268
\pgf@pathminy=\dimen269
\pgf@pathmaxy=\dimen270
\pgf@xx=\dimen271
\pgf@xy=\dimen272
\pgf@yx=\dimen273
\pgf@yy=\dimen274
\pgf@zx=\dimen275
\pgf@zy=\dimen276
)
(/usr/local/texlive/2026/texmf-dist/tex/generic/pgf/basiclayer/pgfcorepathconst
ruct.code.tex
File: pgfcorepathconstruct.code.tex 2025-08-29 v3.1.11a (3.1.11a)
\pgf@path@lastx=\dimen277
\pgf@path@lasty=\dimen278
)
(/usr/local/texlive/2026/texmf-dist/tex/generic/pgf/basiclayer/pgfcorepathusage
.code.tex
File: pgfcorepathusage.code.tex 2025-08-29 v3.1.11a (3.1.11a)
\pgf@shorten@end@additional=\dimen279
\pgf@shorten@start@additional=\dimen280
)
(/usr/local/texlive/2026/texmf-dist/tex/generic/pgf/basiclayer/pgfcorescopes.co
de.tex
File: pgfcorescopes.code.tex 2025-08-29 v3.1.11a (3.1.11a)
\pgfpic=\box112
\pgf@hbox=\box113
\pgf@layerbox@main=\box114
\pgf@picture@serial@count=\count342
)
(/usr/local/texlive/2026/texmf-dist/tex/generic/pgf/basiclayer/pgfcoregraphicst
ate.code.tex
File: pgfcoregraphicstate.code.tex 2025-08-29 v3.1.11a (3.1.11a)
\pgflinewidth=\dimen281
)
(/usr/local/texlive/2026/texmf-dist/tex/generic/pgf/basiclayer/pgfcoretransform
ations.code.tex
File: pgfcoretransformations.code.tex 2025-08-29 v3.1.11a (3.1.11a)
\pgf@pt@x=\dimen282
\pgf@pt@y=\dimen283
\pgf@pt@temp=\dimen284
)
(/usr/local/texlive/2026/texmf-dist/tex/generic/pgf/basiclayer/pgfcorequick.cod
e.tex
File: pgfcorequick.code.tex 2025-08-29 v3.1.11a (3.1.11a)
)
(/usr/local/texlive/2026/texmf-dist/tex/generic/pgf/basiclayer/pgfcoreobjects.c
ode.tex
File: pgfcoreobjects.code.tex 2025-08-29 v3.1.11a (3.1.11a)
)
(/usr/local/texlive/2026/texmf-dist/tex/generic/pgf/basiclayer/pgfcorepathproce
ssing.code.tex
File: pgfcorepathprocessing.code.tex 2025-08-29 v3.1.11a (3.1.11a)
)
(/usr/local/texlive/2026/texmf-dist/tex/generic/pgf/basiclayer/pgfcorearrows.co
de.tex
File: pgfcorearrows.code.tex 2025-08-29 v3.1.11a (3.1.11a)
\pgfarrowsep=\dimen285
)
(/usr/local/texlive/2026/texmf-dist/tex/generic/pgf/basiclayer/pgfcoreshade.cod
e.tex
File: pgfcoreshade.code.tex 2025-08-29 v3.1.11a (3.1.11a)
\pgf@max=\dimen286
\pgf@sys@shading@range@num=\count343
\pgf@shadingcount=\count344
)
(/usr/local/texlive/2026/texmf-dist/tex/generic/pgf/basiclayer/pgfcoreimage.cod
e.tex
File: pgfcoreimage.code.tex 2025-08-29 v3.1.11a (3.1.11a)
)
(/usr/local/texlive/2026/texmf-dist/tex/generic/pgf/basiclayer/pgfcoreexternal.
code.tex
File: pgfcoreexternal.code.tex 2025-08-29 v3.1.11a (3.1.11a)
\pgfexternal@startupbox=\box115
)
(/usr/local/texlive/2026/texmf-dist/tex/generic/pgf/basiclayer/pgfcorelayers.co
de.tex
File: pgfcorelayers.code.tex 2025-08-29 v3.1.11a (3.1.11a)
)
(/usr/local/texlive/2026/texmf-dist/tex/generic/pgf/basiclayer/pgfcoretranspare
ncy.code.tex
File: pgfcoretransparency.code.tex 2025-08-29 v3.1.11a (3.1.11a)
)
(/usr/local/texlive/2026/texmf-dist/tex/generic/pgf/basiclayer/pgfcorepatterns.
code.tex
File: pgfcorepatterns.code.tex 2025-08-29 v3.1.11a (3.1.11a)
)
(/usr/local/texlive/2026/texmf-dist/tex/generic/pgf/basiclayer/pgfcorerdf.code.
tex
File: pgfcorerdf.code.tex 2025-08-29 v3.1.11a (3.1.11a)
)))
(/usr/local/texlive/2026/texmf-dist/tex/generic/pgf/modules/pgfmoduleshapes.cod
e.tex
File: pgfmoduleshapes.code.tex 2025-08-29 v3.1.11a (3.1.11a)
\pgfnodeparttextbox=\box116
)
(/usr/local/texlive/2026/texmf-dist/tex/generic/pgf/modules/pgfmoduleplot.code.
tex
File: pgfmoduleplot.code.tex 2025-08-29 v3.1.11a (3.1.11a)
)
(/usr/local/texlive/2026/texmf-dist/tex/latex/pgf/compatibility/pgfcomp-version
-0-65.sty
Package: pgfcomp-version-0-65 2025-08-29 v3.1.11a (3.1.11a)
\pgf@nodesepstart=\dimen287
\pgf@nodesepend=\dimen288
)
(/usr/local/texlive/2026/texmf-dist/tex/latex/pgf/compatibility/pgfcomp-version
-1-18.sty
Package: pgfcomp-version-1-18 2025-08-29 v3.1.11a (3.1.11a)
))
(/usr/local/texlive/2026/texmf-dist/tex/latex/pgf/utilities/pgffor.sty
(/usr/local/texlive/2026/texmf-dist/tex/latex/pgf/utilities/pgfkeys.sty
(/usr/local/texlive/2026/texmf-dist/tex/generic/pgf/utilities/pgfkeys.code.tex)
) (/usr/local/texlive/2026/texmf-dist/tex/latex/pgf/math/pgfmath.sty
(/usr/local/texlive/2026/texmf-dist/tex/generic/pgf/math/pgfmath.code.tex))
(/usr/local/texlive/2026/texmf-dist/tex/generic/pgf/utilities/pgffor.code.tex
Package: pgffor 2025-08-29 v3.1.11a (3.1.11a)
\pgffor@iter=\dimen289
\pgffor@skip=\dimen290
\pgffor@stack=\toks38
\pgffor@toks=\toks39
))
(/usr/local/texlive/2026/texmf-dist/tex/generic/pgf/frontendlayer/tikz/tikz.cod
e.tex
Package: tikz 2025-08-29 v3.1.11a (3.1.11a)

(/usr/local/texlive/2026/texmf-dist/tex/generic/pgf/libraries/pgflibraryplothan
dlers.code.tex
File: pgflibraryplothandlers.code.tex 2025-08-29 v3.1.11a (3.1.11a)
\pgf@plot@mark@count=\count345
\pgfplotmarksize=\dimen291
)
\tikz@lastx=\dimen292
\tikz@lasty=\dimen293
\tikz@lastxsaved=\dimen294
\tikz@lastysaved=\dimen295
\tikz@lastmovetox=\dimen296
\tikz@lastmovetoy=\dimen297
\tikzleveldistance=\dimen298
\tikzsiblingdistance=\dimen299
\tikz@figbox=\box117
\tikz@figbox@bg=\box118
\tikz@tempbox=\box119
\tikz@tempbox@bg=\box120
\tikztreelevel=\count346
\tikznumberofchildren=\count347
\tikznumberofcurrentchild=\count348
\tikz@fig@count=\count349

(/usr/local/texlive/2026/texmf-dist/tex/generic/pgf/modules/pgfmodulematrix.cod
e.tex
File: pgfmodulematrix.code.tex 2025-08-29 v3.1.11a (3.1.11a)
\pgfmatrixcurrentrow=\count350
\pgfmatrixcurrentcolumn=\count351
\pgf@matrix@numberofcolumns=\count352
)
\tikz@expandcount=\count353

(/usr/local/texlive/2026/texmf-dist/tex/generic/pgf/frontendlayer/tikz/librarie
s/tikzlibrarytopaths.code.tex
File: tikzlibrarytopaths.code.tex 2025-08-29 v3.1.11a (3.1.11a)
)))
(/usr/local/texlive/2026/texmf-dist/tex/latex/tikzpagenodes/tikzpagenodes.sty
Package: tikzpagenodes 2012/09/16 v1.1 Special PGF/TikZ nodes for areas of the 
page

(/usr/local/texlive/2026/texmf-dist/tex/latex/ifoddpage/ifoddpage.sty
Package: ifoddpage 2022/10/18 v1.2 Conditionals for odd/even page detection
\c@checkoddpage=\count354
LaTeX Info: Redefining \checkoddpage on input line 45.
))
(/usr/local/texlive/2026/texmf-dist/tex/latex/booktabs/booktabs.sty
Package: booktabs 2020/01/12 v1.61803398 Publication quality tables
\heavyrulewidth=\dimen300
\lightrulewidth=\dimen301
\cmidrulewidth=\dimen302
\belowrulesep=\dimen303
\belowbottomsep=\dimen304
\aboverulesep=\dimen305
\abovetopsep=\dimen306
\cmidrulesep=\dimen307
\cmidrulekern=\dimen308
\defaultaddspace=\dimen309
\@cmidla=\count355
\@cmidlb=\count356
\@aboverulesep=\dimen310
\@belowrulesep=\dimen311
\@thisruleclass=\count357
\@lastruleclass=\count358
\@thisrulewidth=\dimen312
)
(/usr/local/texlive/2026/texmf-dist/tex/latex/multirow/multirow.sty
Package: multirow 2024/11/12 v2.9 Span multiple rows of a table
\multirow@colwidth=\skip96
\multirow@cntb=\count359
\multirow@dima=\skip97
\bigstrutjot=\dimen313
)
(/usr/local/texlive/2026/texmf-dist/tex/latex/graphics/rotating.sty
Package: rotating 2025/01/14 v2.16e rotated objects in LaTeX
\c@r@tfl@t=\count360
\rotFPtop=\skip98
\rotFPbot=\skip99
\rot@float@box=\box121
\rot@mess@toks=\toks40
)
(/usr/local/texlive/2026/texmf-dist/tex/latex/listings/listings.sty
\lst@mode=\count361
\lst@gtempboxa=\box122
\lst@token=\toks41
\lst@length=\count362
\lst@currlwidth=\dimen314
\lst@column=\count363
\lst@pos=\count364
\lst@lostspace=\dimen315
\lst@width=\dimen316
\lst@newlines=\count365
\lst@lineno=\count366
\lst@maxwidth=\dimen317

(/usr/local/texlive/2026/texmf-dist/tex/latex/listings/lstpatch.sty
File: lstpatch.sty 2025/11/14 1.11b (Carsten Heinz)
)
(/usr/local/texlive/2026/texmf-dist/tex/latex/listings/lstmisc.sty
File: lstmisc.sty 2025/11/14 1.11b (Carsten Heinz)
\c@lstnumber=\count367
\lst@skipnumbers=\count368
\lst@framebox=\box123
)
(/usr/local/texlive/2026/texmf-dist/tex/latex/listings/listings.cfg
File: listings.cfg 2025/11/14 1.11b listings configuration
))
Package: listings 2025/11/14 1.11b (Carsten Heinz)

==> First Aid for listings.sty no longer applied!
    Expected:
        2024/09/23 1.10c (Carsten Heinz)
    but found:
        2025/11/14 1.11b (Carsten Heinz)
    so I'm assuming it got fixed.
(/usr/local/texlive/2026/texmf-dist/tex/latex/floatrow/floatrow.sty
Package: floatrow 2008/08/02 v0.3b floatrow: float package extension
\c@float@type=\count369
\float@exts=\toks42
\float@box=\box124
\@floatcapt=\box125
Package floatrow Info: Modified float package code loaded on input line 455.
Package floatrow Info: Modified rotfloat package code loaded on input line 473.

\FR@everyfloat=\toks43
\flrow@foot=\insert251
\FB@wd=\dimen318
\FBo@wd=\dimen319
\FBc@wd=\dimen320
\FBo@ht=\skip100
\FBc@ht=\skip101
\FBf@ht=\skip102
\FBo@max=\skip103
\FBc@max=\skip104
\FBf@max=\skip105
\c@FBl@b=\count370
\floatbox@depth=\count371
\c@FRobj=\count372
\c@FRsobj=\count373
\Xhsize=\skip106
\sXhsize=\skip107
\Zhsize=\skip108
\sZhsize=\skip109
\flrow@rowbox=\box126
\FR@Zunitlength=\dimen321
\c@FBcnt=\count374
\FPOScnt=\count375
\LTleft=\skip110
\LTright=\skip111
\LTleft=\skip112
\LTright=\skip113
\flrow@types=\toks44
)
\kaomarginskipabove=\skip114
\kaomarginskipbelow=\skip115
\@sidenotes@marginlistingbox=\box127
\mycap=\box128

(/usr/local/texlive/2026/texmf-dist/tex/latex/etoc/etoc.sty
Package: etoc 2023/10/29 v1.2d Completely customisable TOCs (JFB)
\Etoc@toctoks=\toks45
\c@etoc@tocid=\count376
\etoc@framed@titlebox=\box129
\etoc@framed@contentsbox=\box130
)
\c@margintocdepth=\count377
\mtocshift=\skip116

(/usr/local/texlive/2026/texmf-dist/tex/latex/base/inputenc.sty
Package: inputenc 2024/02/08 v1.3d Input encoding file
\inpenc@prehook=\toks46
\inpenc@posthook=\toks47
)
(/usr/local/texlive/2026/texmf-dist/tex/latex/base/fontenc.sty
Package: fontenc 2025/07/18 v2.1d Standard LaTeX package
)
(/usr/local/texlive/2026/texmf-dist/tex/latex/amsfonts/amssymb.sty
Package: amssymb 2013/01/14 v3.01 AMS font symbols

(/usr/local/texlive/2026/texmf-dist/tex/latex/amsfonts/amsfonts.sty
Package: amsfonts 2013/01/14 v3.01 Basic AMSFonts support
\@emptytoks=\toks48
\symAMSa=\mathgroup4
\symAMSb=\mathgroup5
LaTeX Font Info:    Redeclaring math symbol \hbar on input line 98.
LaTeX Font Info:    Overwriting math alphabet `\mathfrak' in version `bold'
(Font)                  U/euf/m/n --> U/euf/b/n on input line 106.
))
(/usr/local/texlive/2026/texmf-dist/tex/latex/newpx/newpxtext.sty
Package: newpxtext 2025/06/07 v1.542 LaTeX and unicode LaTeX support for TeXGyr
ePagellaX (Michael Sharpe)

`newpxtext' v1.542, 2025/06/07 Text macros taking advantage of TeXGyre Pagella 
and its extensions (msharpe)
(/usr/local/texlive/2026/texmf-dist/tex/latex/base/fontenc.sty
Package: fontenc 2025/07/18 v2.1d Standard LaTeX package
)
(/usr/local/texlive/2026/texmf-dist/tex/latex/base/textcomp.sty
Package: textcomp 2024/04/24 v2.1b Standard LaTeX package
)
(/usr/local/texlive/2026/texmf-dist/tex/latex/carlisle/scalefnt.sty)
LaTeX Font Info:    Setting zplLF sub-encoding to TS1/0 on input line 40.
LaTeX Font Info:    Setting zplTLF sub-encoding to TS1/0 on input line 40.
LaTeX Font Info:    Setting zplOsF sub-encoding to TS1/0 on input line 40.
LaTeX Font Info:    Setting zplTOsF sub-encoding to TS1/0 on input line 40.
\zpl@cnt=\count378

(/usr/local/texlive/2026/texmf-dist/tex/latex/fontaxes/fontaxes.sty
Package: fontaxes 2026-01-02 v2.0.2 Font selection axes (deprecated)
Applying: [2024-11-01] Use figureversions if present on input line 74.

(/usr/local/texlive/2026/texmf-dist/tex/latex/figureversions/figureversions.sty
Package: figureversions 2025-04-29 v1.0.1 Figure versions
)
Already applied: [0000-00-00] Fall back to v1 on input line 76.
)
\zpl@sixem=\dimen322
\zpl@y=\dimen323
\zpl@x=\dimen324
\zpl@tmpdima=\dimen325
\zpl@tmpdimb=\dimen326
\zpl@tmpdimc=\dimen327
\zpl@tmpdimd=\dimen328
\zpl@tmpdime=\dimen329
\zpl@tmpdimf=\dimen330
\zpl@dimA=\dimen331
\zpl@dimAA=\dimen332
\zpl@dimB=\dimen333
\zpl@dimBB=\dimen334
\zpl@dimC=\dimen335
LaTeX Info: Redefining \oldstylenums on input line 807.
LaTeX Font Info:    Trying to load font information for T1+zplLF on input line 
815.
 (/usr/local/texlive/2026/texmf-dist/tex/latex/newpx/t1zpllf.fd
File: t1zpllf.fd 2021/05/25 v1.0 font definition file for T1/zpl/lf
)
LaTeX Font Info:    Trying to load font information for T1+zplTLF on input line
 816.

(/usr/local/texlive/2026/texmf-dist/tex/latex/newpx/t1zpltlf.fd
File: t1zpltlf.fd 2021/05/25 v1.0 font definition file for T1/zpl/tlf
)
LaTeX Font Info:    Trying to load font information for T1+zplOsF on input line
 817.

(/usr/local/texlive/2026/texmf-dist/tex/latex/newpx/t1zplosf.fd
File: t1zplosf.fd 2021/05/25 v1.0 font definition file for T1/zpl/osf
)
LaTeX Font Info:    Trying to load font information for T1+zplTOsF on input lin
e 818.

(/usr/local/texlive/2026/texmf-dist/tex/latex/newpx/t1zpltosf.fd
File: t1zpltosf.fd 2021/05/25 v1.0 font definition file for T1/zpl/tosf
))
(/usr/local/texlive/2026/texmf-dist/tex/latex/newpx/newpxmath.sty
Package: newpxmath 2025/10/30 v1.551 LaTeX math support for newpx (Michael Shar
pe)

`newpxmath' v1.551, 2025/10/30 Math macros based on pxfonts (msharpe)
(/usr/local/texlive/2026/texmf-dist/tex/latex/amsmath/amsmath.sty
Package: amsmath 2025/07/09 v2.17z AMS math features
\@mathmargin=\skip117

For additional information on amsmath, use the `?' option.
(/usr/local/texlive/2026/texmf-dist/tex/latex/amsmath/amstext.sty
Package: amstext 2024/11/17 v2.01 AMS text

(/usr/local/texlive/2026/texmf-dist/tex/latex/amsmath/amsgen.sty
File: amsgen.sty 1999/11/30 v2.0 generic functions
\@emptytoks=\toks49
\ex@=\dimen336
))
(/usr/local/texlive/2026/texmf-dist/tex/latex/amsmath/amsbsy.sty
Package: amsbsy 1999/11/29 v1.2d Bold Symbols
\pmbraise@=\dimen337
)
(/usr/local/texlive/2026/texmf-dist/tex/latex/amsmath/amsopn.sty
Package: amsopn 2022/04/08 v2.04 operator names
)
\inf@bad=\count379
LaTeX Info: Redefining \frac on input line 233.
\uproot@=\count380
\leftroot@=\count381
LaTeX Info: Redefining \overline on input line 398.
LaTeX Info: Redefining \colon on input line 409.
\classnum@=\count382
\DOTSCASE@=\count383
LaTeX Info: Redefining \ldots on input line 495.
LaTeX Info: Redefining \dots on input line 498.
LaTeX Info: Redefining \cdots on input line 619.
\Mathstrutbox@=\box131
\strutbox@=\box132
LaTeX Info: Redefining \big on input line 721.
LaTeX Info: Redefining \Big on input line 722.
LaTeX Info: Redefining \bigg on input line 723.
LaTeX Info: Redefining \Bigg on input line 724.
\big@size=\dimen338
LaTeX Font Info:    Redeclaring font encoding OML on input line 742.
LaTeX Font Info:    Redeclaring font encoding OMS on input line 743.
\macc@depth=\count384
LaTeX Info: Redefining \bmod on input line 904.
LaTeX Info: Redefining \pmod on input line 909.
LaTeX Info: Redefining \smash on input line 939.
LaTeX Info: Redefining \relbar on input line 969.
LaTeX Info: Redefining \Relbar on input line 970.
\c@MaxMatrixCols=\count385
\dotsspace@=\muskip18
\c@parentequation=\count386
\dspbrk@lvl=\count387
\tag@help=\toks50
\row@=\count388
\column@=\count389
\maxfields@=\count390
\andhelp@=\toks51
\eqnshift@=\dimen339
\alignsep@=\dimen340
\tagshift@=\dimen341
\tagwidth@=\dimen342
\totwidth@=\dimen343
\lineht@=\dimen344
\@envbody=\toks52
\multlinegap=\skip118
\multlinetaggap=\skip119
\mathdisplay@stack=\toks53
LaTeX Info: Redefining \[ on input line 2950.
LaTeX Info: Redefining \] on input line 2951.
)
(/usr/local/texlive/2026/texmf-dist/tex/generic/kastrup/binhex.tex)
(/usr/local/texlive/2026/texmf-dist/tex/latex/oberdiek/centernot.sty
Package: centernot 2016/05/16 v1.4 Centers the not symbol horizontally (HO)
)
\px@tA=\toks54
\px@tB=\toks55
\px@su=\read3
\px@Isdigit=\count391

amsthm NOT loaded
LaTeX Font Info:    Redeclaring symbol font `operators' on input line 224.
LaTeX Font Info:    Overwriting symbol font `operators' in version `normal'
(Font)                  OT1/cmr/m/n --> OT1/minzpl/m/n on input line 224.
LaTeX Font Info:    Overwriting symbol font `operators' in version `bold'
(Font)                  OT1/cmr/bx/n --> OT1/minzpl/m/n on input line 224.
LaTeX Font Info:    Overwriting symbol font `operators' in version `bold'
(Font)                  OT1/minzpl/m/n --> OT1/minzpl/b/n on input line 225.
LaTeX Font Info:    Redeclaring math alphabet \mathsf on input line 228.
LaTeX Font Info:    Overwriting math alphabet `\mathsf' in version `normal'
(Font)                  OT1/cmss/m/n --> T1/qhv/m/n on input line 228.
LaTeX Font Info:    Overwriting math alphabet `\mathsf' in version `bold'
(Font)                  OT1/cmss/bx/n --> T1/qhv/m/n on input line 228.
LaTeX Font Info:    Redeclaring math alphabet \mathit on input line 229.
LaTeX Font Info:    Overwriting math alphabet `\mathit' in version `normal'
(Font)                  OT1/cmr/m/it --> OT1/minzpl/m/it on input line 229.
LaTeX Font Info:    Overwriting math alphabet `\mathit' in version `bold'
(Font)                  OT1/cmr/bx/it --> OT1/minzpl/m/it on input line 229.
LaTeX Font Info:    Redeclaring math alphabet \mathtt on input line 230.
LaTeX Font Info:    Overwriting math alphabet `\mathtt' in version `normal'
(Font)                  OT1/cmtt/m/n --> T1/npxtt/m/n on input line 230.
LaTeX Font Info:    Overwriting math alphabet `\mathtt' in version `bold'
(Font)                  OT1/cmtt/m/n --> T1/npxtt/m/n on input line 230.
LaTeX Font Info:    Redeclaring math alphabet \mathbf on input line 232.
LaTeX Font Info:    Overwriting math alphabet `\mathbf' in version `normal'
(Font)                  OT1/cmr/bx/n --> OT1/minzpl/b/n on input line 232.
LaTeX Font Info:    Overwriting math alphabet `\mathbf' in version `bold'
(Font)                  OT1/cmr/bx/n --> OT1/minzpl/b/n on input line 232.
LaTeX Font Info:    Overwriting math alphabet `\mathit' in version `bold'
(Font)                  OT1/minzpl/m/it --> OT1/minzpl/b/it on input line 233.
LaTeX Font Info:    Overwriting math alphabet `\mathsf' in version `bold'
(Font)                  T1/qhv/m/n --> T1/qhv/b/n on input line 235.
LaTeX Font Info:    Overwriting math alphabet `\mathtt' in version `bold'
(Font)                  T1/npxtt/m/n --> T1/npxtt/b/n on input line 236.
LaTeX Font Info:    Redeclaring symbol font `letters' on input line 247.
LaTeX Font Info:    Overwriting symbol font `letters' in version `normal'
(Font)                  OML/cmm/m/it --> OML/npxmi/m/it on input line 247.
LaTeX Font Info:    Overwriting symbol font `letters' in version `bold'
(Font)                  OML/cmm/b/it --> OML/npxmi/m/it on input line 247.
LaTeX Font Info:    Overwriting symbol font `letters' in version `bold'
(Font)                  OML/npxmi/m/it --> OML/npxmi/b/it on input line 248.
\symlettersA=\mathgroup6
LaTeX Font Info:    Overwriting symbol font `lettersA' in version `bold'
(Font)                  U/npxmia/m/it --> U/npxmia/b/it on input line 266.
LaTeX Font Info:    Redeclaring math alphabet \mathfrak on input line 268.
Now handling font encoding LMS ...
... no UTF-8 mapping file for font encoding LMS
LaTeX Font Info:    Redeclaring symbol font `symbols' on input line 276.
LaTeX Font Info:    Encoding `OMS' has changed to `LMS' for symbol font
(Font)              `symbols' in the math version `normal' on input line 276.
LaTeX Font Info:    Overwriting symbol font `symbols' in version `normal'
(Font)                  OMS/cmsy/m/n --> LMS/npxsy/m/n on input line 276.
LaTeX Font Info:    Encoding `OMS' has changed to `LMS' for symbol font
(Font)              `symbols' in the math version `bold' on input line 276.
LaTeX Font Info:    Overwriting symbol font `symbols' in version `bold'
(Font)                  OMS/cmsy/b/n --> LMS/npxsy/m/n on input line 276.
LaTeX Font Info:    Overwriting symbol font `symbols' in version `bold'
(Font)                  LMS/npxsy/m/n --> LMS/npxsy/b/n on input line 277.
\symAMSm=\mathgroup7
LaTeX Font Info:    Overwriting symbol font `AMSm' in version `bold'
(Font)                  U/npxsym/m/n --> U/npxsym/b/n on input line 297.
\symsymbolsC=\mathgroup8
LaTeX Font Info:    Overwriting symbol font `symbolsC' in version `bold'
(Font)                  U/npxsyc/m/n --> U/npxsyc/b/n on input line 319.
Now handling font encoding LMX ...
... no UTF-8 mapping file for font encoding LMX
LaTeX Font Info:    Redeclaring symbol font `largesymbols' on input line 339.
LaTeX Font Info:    Encoding `OMX' has changed to `LMX' for symbol font
(Font)              `largesymbols' in the math version `normal' on input line 3
39.
LaTeX Font Info:    Overwriting symbol font `largesymbols' in version `normal'
(Font)                  OMX/cmex/m/n --> LMX/npxexx/m/n on input line 339.
LaTeX Font Info:    Encoding `OMX' has changed to `LMX' for symbol font
(Font)              `largesymbols' in the math version `bold' on input line 339
.
LaTeX Font Info:    Overwriting symbol font `largesymbols' in version `bold'
(Font)                  OMX/cmex/m/n --> LMX/npxexx/m/n on input line 339.
LaTeX Font Info:    Overwriting symbol font `largesymbols' in version `bold'
(Font)                  LMX/npxexx/m/n --> LMX/npxexx/b/n on input line 340.
\symlargesymbolsPXA=\mathgroup9
LaTeX Font Info:    Overwriting symbol font `largesymbolsPXA' in version `bold'

(Font)                  U/npxexa/m/n --> U/npxexa/b/n on input line 347.
\px@cntz=\count392
\px@IsAlNum=\count393
\px@sbptoks=\toks56
LaTeX Font Info:    Redeclaring math delimiter \lfloor on input line 502.
LaTeX Font Info:    Redeclaring math delimiter \rfloor on input line 503.
LaTeX Font Info:    Redeclaring math delimiter \lceil on input line 504.
LaTeX Font Info:    Redeclaring math delimiter \rceil on input line 505.
LaTeX Font Info:    Redeclaring math delimiter \lbrace on input line 510.
LaTeX Font Info:    Redeclaring math delimiter \rbrace on input line 511.
LaTeX Font Info:    Redeclaring math delimiter \langle on input line 513.
LaTeX Font Info:    Redeclaring math delimiter \rangle on input line 515.
LaTeX Font Info:    Redeclaring math delimiter \arrowvert on input line 519.
LaTeX Font Info:    Redeclaring math delimiter \vert on input line 520.
LaTeX Font Info:    Redeclaring math symbol \parallel on input line 521.
LaTeX Font Info:    Redeclaring math delimiter \Arrowvert on input line 522.
LaTeX Font Info:    Redeclaring math accent \grave on input line 562.
LaTeX Font Info:    Redeclaring math accent \acute on input line 563.
LaTeX Font Info:    Redeclaring math accent \hat on input line 564.
LaTeX Font Info:    Redeclaring math accent \tilde on input line 565.
LaTeX Font Info:    Redeclaring math accent \bar on input line 566.
LaTeX Font Info:    Redeclaring math accent \breve on input line 567.
LaTeX Font Info:    Redeclaring math accent \mathring on input line 568.
LaTeX Font Info:    Redeclaring math accent \check on input line 569.
LaTeX Font Info:    Redeclaring math accent \dot on input line 573.
LaTeX Font Info:    Redeclaring math accent \ddot on input line 574.
LaTeX Font Info:    Redeclaring math accent \vec on input line 1631.
LaTeX Info: Redefining \Bbbk on input line 2208.
LaTeX Info: Redefining \not on input line 2548.
) (/usr/local/texlive/2026/texmf-dist/tex/latex/bera/beramono.sty
Package: beramono 2004/01/31 (WaS)
)
(/usr/local/texlive/2026/texmf-dist/tex/latex/mathalpha/mathalfa.sty)
(/usr/local/texlive/2026/texmf-dist/tex/latex/mathalpha/mathalpha.sty
Package: mathalpha 2025/01/17 - 1.145mathalpha (License LPPL) Michael Sharpe

`mathalpha' v1.145, 2025/01/17, a renaming of mathalfa (msharpe)
LaTeX Font Info:    Redeclaring math alphabet \mathcal on input line 579.
LaTeX Font Info:    Overwriting math alphabet `\mathcal' in version `bold'
(Font)                  U/BOONDOX-calo/m/n --> U/BOONDOX-calo/b/n on input line
 581.
)
(/usr/local/texlive/2026/texmf-dist/tex/latex/morewrites/morewrites.sty
(/usr/local/texlive/2026/texmf-dist/tex/latex/morewrites/primargs.sty
Package: primargs 2024/02/02 Parsing arguments of primitives
)
Package: morewrites 2024/02/02 Always room for a new write
\g__morewrites_later_int=\count394
\l__morewrites_user_int=\count395
\g__morewrites_iow=\write4
\g__morewrites_ior=\read4
\g__morewrites_group_level_int=\count396
\g__morewrites_shipout_box=\box133
\l__morewrites_collect_next_int=\count397
\g__morewrites_alloc_write_int=\count398
)
(/usr/local/texlive/2026/texmf-dist/tex/latex/bookmark/bookmark.sty
Package: bookmark 2023-12-10 v1.31 PDF bookmarks (HO)

(/usr/local/texlive/2026/texmf-dist/tex/latex/bookmark/bkm-pdftex.def
File: bkm-pdftex.def 2023-12-10 v1.31 bookmark driver for pdfTeX and luaTeX (HO
)
\BKM@id=\count399
))
Package hyperref Info: Option `unicode' set `true' on input line 1076.
Package hyperref Info: Option `bookmarksopen' set `true' on input line 1076.
Package hyperref Info: Option `breaklinks' set `true' on input line 1076.
Package hyperref Info: Option `colorlinks' set `true' on input line 1076.

(/usr/local/texlive/2026/texmf-dist/tex/latex/enumitem/enumitem.sty
Package: enumitem 2025/02/06 v3.11 Customized lists
\labelindent=\skip120
\enit@outerparindent=\dimen345
\enit@toks=\toks57
\enit@inbox=\box134
\enit@count@id=\count400
\enitdp@description=\count401
)
(/usr/local/texlive/2026/texmf-dist/tex/latex/mdframed/mdframed.sty
Package: mdframed 2013/07/01 1.9b: mdframed

(/usr/local/texlive/2026/texmf-dist/tex/latex/zref/zref-abspage.sty
Package: zref-abspage 2026-03-07 v2.37 Module abspage for zref (HO)

(/usr/local/texlive/2026/texmf-dist/tex/latex/zref/zref-base.sty
Package: zref-base 2026-03-07 v2.37 Module base for zref (HO)

(/usr/local/texlive/2026/texmf-dist/tex/generic/etexcmds/etexcmds.sty
Package: etexcmds 2019/12/15 v1.7 Avoid name clashes with e-TeX commands (HO)
)
(/usr/local/texlive/2026/texmf-dist/tex/latex/auxhook/auxhook.sty
Package: auxhook 2019-12-17 v1.6 Hooks for auxiliary files (HO)
)
Package zref Info: New property list: main on input line 767.
Package zref Info: New property: default on input line 768.
Package zref Info: New property: page on input line 769.
)
\c@abspage=\count402
Package zref Info: New property: abspage on input line 67.
)
\mdf@templength=\skip121
\c@mdf@globalstyle@cnt=\count403
\mdf@skipabove@length=\skip122
\mdf@skipbelow@length=\skip123
\mdf@leftmargin@length=\skip124
\mdf@rightmargin@length=\skip125
\mdf@innerleftmargin@length=\skip126
\mdf@innerrightmargin@length=\skip127
\mdf@innertopmargin@length=\skip128
\mdf@innerbottommargin@length=\skip129
\mdf@splittopskip@length=\skip130
\mdf@splitbottomskip@length=\skip131
\mdf@outermargin@length=\skip132
\mdf@innermargin@length=\skip133
\mdf@linewidth@length=\skip134
\mdf@innerlinewidth@length=\skip135
\mdf@middlelinewidth@length=\skip136
\mdf@outerlinewidth@length=\skip137
\mdf@roundcorner@length=\skip138
\mdf@footenotedistance@length=\skip139
\mdf@userdefinedwidth@length=\skip140
\mdf@needspace@length=\skip141
\mdf@frametitleaboveskip@length=\skip142
\mdf@frametitlebelowskip@length=\skip143
\mdf@frametitlerulewidth@length=\skip144
\mdf@frametitleleftmargin@length=\skip145
\mdf@frametitlerightmargin@length=\skip146
\mdf@shadowsize@length=\skip147
\mdf@extratopheight@length=\skip148
\mdf@subtitleabovelinewidth@length=\skip149
\mdf@subtitlebelowlinewidth@length=\skip150
\mdf@subtitleaboveskip@length=\skip151
\mdf@subtitlebelowskip@length=\skip152
\mdf@subtitleinneraboveskip@length=\skip153
\mdf@subtitleinnerbelowskip@length=\skip154
\mdf@subsubtitleabovelinewidth@length=\skip155
\mdf@subsubtitlebelowlinewidth@length=\skip156
\mdf@subsubtitleaboveskip@length=\skip157
\mdf@subsubtitlebelowskip@length=\skip158
\mdf@subsubtitleinneraboveskip@length=\skip159
\mdf@subsubtitleinnerbelowskip@length=\skip160

(/usr/local/texlive/2026/texmf-dist/tex/latex/mdframed/md-frame-1.mdf
File: md-frame-1.mdf 2013/07/01\ 1.9b: md-frame-1
)
\mdf@frametitlebox=\box135
\mdf@footnotebox=\box136
\mdf@splitbox@one=\box137
\mdf@splitbox@two=\box138
\mdf@splitbox@save=\box139
\mdfsplitboxwidth=\skip161
\mdfsplitboxtotalwidth=\skip162
\mdfsplitboxheight=\skip163
\mdfsplitboxdepth=\skip164
\mdfsplitboxtotalheight=\skip165
\mdfframetitleboxwidth=\skip166
\mdfframetitleboxtotalwidth=\skip167
\mdfframetitleboxheight=\skip168
\mdfframetitleboxdepth=\skip169
\mdfframetitleboxtotalheight=\skip170
\mdffootnoteboxwidth=\skip171
\mdffootnoteboxtotalwidth=\skip172
\mdffootnoteboxheight=\skip173
\mdffootnoteboxdepth=\skip174
\mdffootnoteboxtotalheight=\skip175
\mdftotallinewidth=\skip176
\mdfboundingboxwidth=\skip177
\mdfboundingboxtotalwidth=\skip178
\mdfboundingboxheight=\skip179
\mdfboundingboxdepth=\skip180
\mdfboundingboxtotalheight=\skip181
\mdf@freevspace@length=\skip182
\mdf@horizontalwidthofbox@length=\skip183
\mdf@verticalmarginwhole@length=\skip184
\mdf@horizontalspaceofbox=\skip185
\mdfsubtitleheight=\skip186
\mdfsubsubtitleheight=\skip187
\c@mdfcountframes=\count404

****** mdframed patching \endmdf@trivlist

****** -- success******

\mdf@envdepth=\count405
\c@mdf@env@i=\count406
\c@mdf@env@ii=\count407
\c@mdf@zref@counter=\count408
Package zref Info: New property: mdf@pagevalue on input line 895.
)
\c@kaocounter=\count409
Package tocbasic Info: omitting babel extension for `loi'
(tocbasic)             because of missing \bbl@set@language on input line 1228.


(/usr/local/texlive/2026/texmf-dist/tex/latex/pdfpages/pdfpages.sty
Package: pdfpages 2025/07/23 v0.6g Insert pages of external PDF documents (AM)

(/usr/local/texlive/2026/texmf-dist/tex/latex/eso-pic/eso-pic.sty
Package: eso-pic 2025/12/10 v3.0d eso-pic (RN)
\ESO@tempdima=\dimen346
\ESO@tempdimb=\dimen347
)
\AM@pagewidth=\dimen348
\AM@pageheight=\dimen349
\AM@fboxrule=\dimen350

(/usr/local/texlive/2026/texmf-dist/tex/latex/pdfpages/pppdftex.def
File: pppdftex.def 2025/07/23 v0.6g Pdfpages driver for pdfTeX (AM)
)
\pdfpages@includegraphics@status=\count410
\AM@pagebox=\box140
\AM@global@opts=\toks58
\AM@pagecnt=\count411
\AM@toc@title=\toks59
\AM@lof@heading=\toks60
\c@AM@survey=\count412
\AM@templatesizebox=\box141
)
(/usr/local/texlive/2026/texmf-dist/tex/latex/subfiles/subfiles.sty
Package: subfiles 2020/11/14 v2.2 Multi-file projects (package)

(/usr/local/texlive/2026/texmf-dist/tex/latex/import/import.sty
Package: import 2020/04/01  v 6.2
))
(/usr/local/texlive/2026/texmf-dist/tex/latex/todonotes/todonotes.sty
Package: todonotes 2024/01/05 v1.1.7 Todonotes source and documentation.
Package: todonotes 2024/01/05

(/usr/local/texlive/2026/texmf-dist/tex/generic/pgf/frontendlayer/tikz/librarie
s/tikzlibrarypositioning.code.tex
File: tikzlibrarypositioning.code.tex 2025-08-29 v3.1.11a (3.1.11a)
)
\c@@todonotes@numberoftodonotes=\count413
)
(/usr/local/texlive/2026/texmf-dist/tex/latex/algorithm2e/algorithm2e.sty
Package: algorithm2e 2017/07/18 v5.2 algorithms environments
\c@AlgoLine=\count414
\algocf@hangindent=\skip188

(/usr/local/texlive/2026/texmf-dist/tex/latex/relsize/relsize.sty
Package: relsize 2013/03/29 ver 4.1
)
\skiptotal=\skip189
\skiplinenumber=\skip190
\skiprule=\skip191
\skiphlne=\skip192
\skiptext=\skip193
\skiplength=\skip194
\algomargin=\skip195
\skipalgocfslide=\skip196
\algowidth=\dimen351
\inoutsize=\dimen352
\inoutindent=\dimen353
\interspacetitleruled=\dimen354
\interspacealgoruled=\dimen355
\interspacetitleboxruled=\dimen356
\algocf@ruledwidth=\skip197
\algocf@inoutbox=\box142
\algocf@inputbox=\box143
\AlCapSkip=\skip198
\AlCapHSkip=\skip199
\algoskipindent=\skip256
\algocf@nlbox=\box144
\algocf@hangingbox=\box145
\algocf@untilbox=\box146
\algocf@skipuntil=\skip257
\algocf@capbox=\box147
\algocf@lcaptionbox=\skip258
\algoheightruledefault=\skip259
\algoheightrule=\skip260
\algotitleheightruledefault=\skip261
\algotitleheightrule=\skip262
\c@algocfline=\count415
\c@algocfproc=\count416
\c@algocf=\count417
\algocf@algoframe=\box148
\algocf@algobox=\box149
)
(/usr/local/texlive/2026/texmf-dist/tex/latex/ccicons/ccicons.sty
Package: ccicons 2017/10/30 v1.6 LaTeX support for Creative Commons icons
)
(/usr/local/texlive/2026/texmf-dist/tex/latex/metalogo/metalogo.sty
Package: metalogo 2010/05/29 v0.12 Extended TeX logo macros
\xl@everylogo=\toks61
\xl@@everylogo=\toks62
LaTeX Info: Redefining \TeX on input line 193.
LaTeX Info: Redefining \LaTeX on input line 202.
LaTeX Info: Redefining \LaTeXe on input line 219.
)
(/usr/local/texlive/2026/texmf-dist/tex/latex/glossaries/base/glossaries.sty
Package: glossaries 2026/03/06 v5.0 (NLCT)

(/usr/local/texlive/2026/texmf-dist/tex/latex/mfirstuc/mfirstuc.sty
Package: mfirstuc 2025/04/03 v2.09 (NLCT)
\@glsmfirst=\toks63
\@glsmrest=\toks64
)
(/usr/local/texlive/2026/texmf-dist/tex/latex/xfor/xfor.sty
Package: xfor 2009/02/05 v1.05 (NLCT)
)
(/usr/local/texlive/2026/texmf-dist/tex/latex/datatool/datatool-base.sty
Package: datatool-base 2025/12/04 v3.4.3 (NLCT)

(/usr/local/texlive/2026/texmf-dist/tex/latex/tracklang/tracklang.sty
Package: tracklang 2025/03/11 v1.6.6 (NLCT) Track Languages

(/usr/local/texlive/2026/texmf-dist/tex/generic/tracklang/tracklang.tex))
\l__datatool_tmpa_int=\count418
\l__datatool_tmpb_int=\count419
\l__datatool_tmpc_int=\count420
\l__datatool_tmpd_int=\count421
\l__datatool_count_int=\count422
\l__datatool_tmp_datatype_int=\count423
\l__datatool_tmpa_dim=\dimen357
\l__datatool_tmpb_dim=\dimen358

(/usr/local/texlive/2026/texmf-dist/tex/latex/datatool/datatool-l3fp.def
File: datatool-l3fp.def 2025/12/04 v3.4.3 (NLCT)
)
\@dtl@toks=\toks65
\@dtl@tmpcount=\count424
\dtl@tmplength=\skip263
\l__datatool_measure_box=\box150
\dtl@sortresult=\count425

(/usr/local/texlive/2026/texmf-dist/tex/latex/datatool/datatool-utf8.ldf
File: datatool-utf8.ldf 2025/12/04 v3.4.3 (NLCT)
)
\@dtl@datatype=\count426
\c_datatool_unknown_int=\count427
\l__datatool_year_int=\count428
\l__datatool_month_int=\count429
\l__datatool_day_int=\count430
\l__datatool_hour_int=\count431
\l__datatool_minute_int=\count432
\l__datatool_second_int=\count433
\l__datatool_tzhour_int=\count434
\l__datatool_tzminute_int=\count435
\l__datatool_julian_int=\count436
\l__datatool_local_julian_int=\count437
\l__datatool_prefix_int=\count438
\l__datatool_suffix_int=\count439
\@dtl@foreach@level=\count440
\dtl@codeA=\count441
\dtl@codeB=\count442
)
\gls@level=\count443
\@gls@tmpb=\toks66
\gls@tmplen=\skip264
\l__glossaries_tmpa_dim=\dimen359
\l__glossaries_tmpb_dim=\dimen360
\glskeylisttok=\toks67
\glslabeltok=\toks68
\glsshorttok=\toks69
\glslongtok=\toks70

(/usr/local/texlive/2026/texmf-dist/tex/latex/glossaries/styles/glossary-hypern
av.sty
Package: glossary-hypernav 2026/03/06 v5.0 (NLCT)
)
(/usr/local/texlive/2026/texmf-dist/tex/latex/glossaries/styles/glossary-list.s
ty
Package: glossary-list 2026/03/06 v5.0 (NLCT)
\glslistdottedwidth=\skip265
)
(/usr/local/texlive/2026/texmf-dist/tex/latex/glossaries/styles/glossary-long.s
ty
Package: glossary-long 2026/03/06 v5.0 (NLCT)
 (/usr/local/texlive/2026/texmf-dist/tex/latex/tools/longtable.sty
Package: longtable 2025-10-13 v4.24 Multi-page Table package (DPC)
\LTleft=\skip266
\LTright=\skip267
\LTpre=\skip268
\LTpost=\skip269
\LTchunksize=\count444
\LTcapwidth=\dimen361
\LT@head=\box151
\LT@firsthead=\box152
\LT@foot=\box153
\LT@lastfoot=\box154
\LT@gbox=\box155
\LT@cols=\count445
\LT@rows=\count446
\c@LT@tables=\count447
\c@LT@chunks=\count448
\LT@p@ftn=\toks71
)
Class scrbook Info: longtable captions redefined on input line 47.
\glsdescwidth=\skip270
\glspagelistwidth=\skip271
)
(/usr/local/texlive/2026/texmf-dist/tex/latex/glossaries/styles/glossary-super.
sty
Package: glossary-super 2026/03/06 v5.0 (NLCT)
 (/usr/local/texlive/2026/texmf-dist/tex/latex/supertabular/supertabular.sty
Package: supertabular 2025/06/26 v4.2d the supertabular environment
\c@tracingst=\count449
\ST@wd=\dimen362
\ST@rightskip=\skip272
\ST@leftskip=\skip273
\ST@parfillskip=\skip274
\ST@pageleft=\dimen363
\ST@headht=\dimen364
\ST@tailht=\dimen365
\ST@pagesofar=\dimen366
\ST@pboxht=\dimen367
\ST@rowht=\dimen368
\ST@prevht=\dimen369
\ST@toadd=\dimen370
\ST@dimen=\dimen371
\ST@pbox=\box156
))
(/usr/local/texlive/2026/texmf-dist/tex/latex/glossaries/styles/glossary-tree.s
ty
Package: glossary-tree 2026/03/06 v5.0 (NLCT)
\l__glossaries_tree_max_known_level_int=\count450
\l__glossaries_tree_offset_dim=\dimen372
\l__glossaries_tree_namewidth_dim=\dimen373
\l__glossaries_tree_symbolwidth_dim=\dimen374
\l__glossaries_tree_prenamesym_width_dim=\dimen375
\l__glossaries_tree_presubnamesym_width_dim=\dimen376
\l__glossaries_tree_namewidth_padding_dim=\dimen377
\l__glossaries_tree_symbolwidth_padding_dim=\dimen378
\l__glossaries_tree_namesymbolwidth_dim=\dimen379
\l__glossaries_tree_namesymbolwidth_padding_dim=\dimen380
\l__glossaries_tree_level_int=\count451
\glstreeindent=\skip275
)) (/usr/local/texlive/2026/texmf-dist/tex/latex/nomencl/nomencl.sty
Package: nomencl 2021/11/10 v5.6 Nomenclature package
Package tocbasic Info: omitting babel extension for `nlo'
(tocbasic)             because of missing \bbl@set@language on input line 187.
Package tocbasic Info: omitting babel extension for `nls'
(tocbasic)             because of missing \bbl@set@language on input line 188.
\nomlabelwidth=\dimen381
\nom@tempdim=\dimen382
\nomitemsep=\skip276
)))
(/usr/local/texlive/2026/texmf-dist/tex/generic/babel/babel.sty
Package: babel 2026/03/08 v26.4 The multilingual framework for LuaLaTeX, pdfLaT
eX and XeLaTeX
\babel@savecnt=\count452
LaTeX Encoding Info:    Redeclaring text command \ij (encoding OT1) on input li
ne 2078.
LaTeX Encoding Info:    Redeclaring text command \IJ (encoding OT1) on input li
ne 2080.
LaTeX Encoding Info:    Redeclaring text command \ij (encoding T1) on input lin
e 2082.
LaTeX Encoding Info:    Redeclaring text command \IJ (encoding T1) on input lin
e 2083.
LaTeX Encoding Info:    Ignoring declaration for text command \ij (encoding ?) 
on input line 2084.
LaTeX Encoding Info:    Ignoring declaration for text command \IJ (encoding ?) 
on input line 2086.
LaTeX Encoding Info:    Ignoring declaration for text command \SS (encoding ?) 
on input line 2111.
\U@D=\dimen383
\l@unhyphenated=\language92

(/usr/local/texlive/2026/texmf-dist/tex/generic/babel/txtbabel.def)
\bbl@readstream=\read5
\bbl@dirlevel=\count453

(/usr/local/texlive/2026/texmf-dist/tex/generic/babel/locale/en/babel-english.t
ex)
Package babel Info: Importing font and identification data for english
(babel)             from babel-en.ini. Reported on input line 4330.
 (/usr/local/texlive/2026/texmf-dist/tex/generic/babel-english/english.ldf
Language: english 2017/06/06 v3.3r English support from the babel system
Package babel Info: Hyphen rules for 'canadian' set to \l@english
(babel)             (\language0). Reported on input line 102.
Package babel Info: Hyphen rules for 'australian' set to \l@ukenglish
(babel)             (\language22). Reported on input line 105.
Package babel Info: Hyphen rules for 'newzealand' set to \l@ukenglish
(babel)             (\language22). Reported on input line 108.
)) (/usr/local/texlive/2026/texmf-dist/tex/latex/csquotes/csquotes.sty
Package: csquotes 2024-04-04 v5.2o context-sensitive quotations (JAW)
\csq@reset=\count454
\csq@gtype=\count455
\csq@glevel=\count456
\csq@qlevel=\count457
\csq@maxlvl=\count458
\csq@tshold=\count459
\csq@ltx@everypar=\toks72

(/usr/local/texlive/2026/texmf-dist/tex/latex/csquotes/csquotes.def
File: csquotes.def 2024-04-04 v5.2o csquotes generic definitions (JAW)
)
Package csquotes Info: Trying to load configuration file 'csquotes.cfg'...
Package csquotes Info: ... configuration file loaded successfully.

(/usr/local/texlive/2026/texmf-dist/tex/latex/csquotes/csquotes.cfg
File: csquotes.cfg 
)
Package csquotes Info: Redefining alias 'english' -> 'english/american'.
)
(./kaobiblio.sty
Package: kaobiblio 

(/usr/local/texlive/2026/texmf-dist/tex/latex/bigfoot/perpage.sty
Package: perpage 2014/10/25 2.0 Reset/sort counters per page
)
(/usr/local/texlive/2026/texmf-dist/tex/generic/oberdiek/iflang.sty
Package: iflang 2018/01/21 v1.7 Checks for the current language (HO)
Package iflang Info: Naming convention for patterns: babel.
)
(/usr/local/texlive/2026/texmf-dist/tex/latex/biblatex/biblatex.sty
Package: biblatex 2025/07/10 v3.21 programmable bibliographies (PK/MW)

(/usr/local/texlive/2026/texmf-dist/tex/latex/logreq/logreq.sty
Package: logreq 2010/08/04 v1.0 xml request logger
\lrq@indent=\count460

(/usr/local/texlive/2026/texmf-dist/tex/latex/logreq/logreq.def
File: logreq.def 2010/08/04 v1.0 logreq spec v1.0
))
\c@tabx@nest=\count461
\c@listtotal=\count462
\c@listcount=\count463
\c@liststart=\count464
\c@liststop=\count465
\c@citecount=\count466
\c@citetotal=\count467
\c@multicitecount=\count468
\c@multicitetotal=\count469
\c@instcount=\count470
\c@maxnames=\count471
\c@minnames=\count472
\c@maxitems=\count473
\c@minitems=\count474
\c@citecounter=\count475
\c@maxcitecounter=\count476
\c@savedcitecounter=\count477
\c@uniquelist=\count478
\c@uniquename=\count479
\c@refsection=\count480
\c@refsegment=\count481
\c@maxextratitle=\count482
\c@maxextratitleyear=\count483
\c@maxextraname=\count484
\c@maxextradate=\count485
\c@maxextraalpha=\count486
\c@abbrvpenalty=\count487
\c@highnamepenalty=\count488
\c@lownamepenalty=\count489
\c@maxparens=\count490
\c@parenlevel=\count491
\blx@tempcnta=\count492
\blx@tempcntb=\count493
\blx@tempcntc=\count494
\c@blx@maxsection=\count495
\blx@maxsegment@0=\count496
\blx@notetype=\count497
\blx@parenlevel@text=\count498
\blx@parenlevel@foot=\count499
\blx@sectionciteorder@0=\count500
\blx@sectionciteorderinternal@0=\count501
\blx@entrysetcounter=\count502
\blx@biblioinstance=\count503
\labelnumberwidth=\skip277
\labelalphawidth=\skip278
\biblabelsep=\skip279
\bibitemsep=\skip280
\bibnamesep=\skip281
\bibinitsep=\skip282
\bibparsep=\skip283
\bibhang=\skip284
\blx@bcfin=\read6
\blx@bcfout=\write129
\blx@langwohyphens=\language93
\c@mincomprange=\count504
\c@maxcomprange=\count505
\c@mincompwidth=\count506
Package biblatex Info: Trying to load biblatex default data model...
Package biblatex Info: ... file 'blx-dm.def' found.

(/usr/local/texlive/2026/texmf-dist/tex/latex/biblatex/blx-dm.def
File: blx-dm.def 2025/07/10 v3.21 biblatex datamodel (PK/MW)
)
Package biblatex Info: Trying to load biblatex citestyle data model...
Package biblatex Info: ... file 'numeric-comp.dbx' not found.
Package biblatex Info: Trying to load biblatex bibstyle data model...
Package biblatex Info: ... file 'numeric.dbx' not found.
Package biblatex Info: Trying to load biblatex custom data model...
Package biblatex Info: ... file 'biblatex-dm.cfg' not found.
\c@afterword=\count507
\c@savedafterword=\count508
\c@annotator=\count509
\c@savedannotator=\count510
\c@author=\count511
\c@savedauthor=\count512
\c@bookauthor=\count513
\c@savedbookauthor=\count514
\c@commentator=\count515
\c@savedcommentator=\count516
\c@editor=\count517
\c@savededitor=\count518
\c@editora=\count519
\c@savededitora=\count520
\c@editorb=\count521
\c@savededitorb=\count522
\c@editorc=\count523
\c@savededitorc=\count524
\c@foreword=\count525
\c@savedforeword=\count526
\c@holder=\count527
\c@savedholder=\count528
\c@introduction=\count529
\c@savedintroduction=\count530
\c@namea=\count531
\c@savednamea=\count532
\c@nameb=\count533
\c@savednameb=\count534
\c@namec=\count535
\c@savednamec=\count536
\c@translator=\count537
\c@savedtranslator=\count538
\c@shortauthor=\count539
\c@savedshortauthor=\count540
\c@shorteditor=\count541
\c@savedshorteditor=\count542
\c@labelname=\count543
\c@savedlabelname=\count544
\c@institution=\count545
\c@savedinstitution=\count546
\c@lista=\count547
\c@savedlista=\count548
\c@listb=\count549
\c@savedlistb=\count550
\c@listc=\count551
\c@savedlistc=\count552
\c@listd=\count553
\c@savedlistd=\count554
\c@liste=\count555
\c@savedliste=\count556
\c@listf=\count557
\c@savedlistf=\count558
\c@location=\count559
\c@savedlocation=\count560
\c@organization=\count561
\c@savedorganization=\count562
\c@origlocation=\count563
\c@savedoriglocation=\count564
\c@origpublisher=\count565
\c@savedorigpublisher=\count566
\c@publisher=\count567
\c@savedpublisher=\count568
\c@language=\count569
\c@savedlanguage=\count570
\c@origlanguage=\count571
\c@savedoriglanguage=\count572
\c@pageref=\count573
\c@savedpageref=\count574
\shorthandwidth=\skip285
\shortjournalwidth=\skip286
\shortserieswidth=\skip287
\shorttitlewidth=\skip288
\shortauthorwidth=\skip289
\shorteditorwidth=\skip290
\locallabelnumberwidth=\skip291
\locallabelalphawidth=\skip292
\localshorthandwidth=\skip293
\localshortjournalwidth=\skip294
\localshortserieswidth=\skip295
\localshorttitlewidth=\skip296
\localshortauthorwidth=\skip297
\localshorteditorwidth=\skip298
Package biblatex Info: Trying to load compatibility code...
Package biblatex Info: ... file 'blx-compat.def' found.

(/usr/local/texlive/2026/texmf-dist/tex/latex/biblatex/blx-compat.def
File: blx-compat.def 2025/07/10 v3.21 biblatex compatibility (PK/MW)
)
Package biblatex Info: Trying to load generic definitions...
Package biblatex Info: ... file 'biblatex.def' found.

(/usr/local/texlive/2026/texmf-dist/tex/latex/biblatex/biblatex.def
File: biblatex.def 2025/07/10 v3.21 biblatex compatibility (PK/MW)
\c@textcitecount=\count575
\c@textcitetotal=\count576
\c@textcitemaxnames=\count577
\c@biburlbigbreakpenalty=\count578
\c@biburlbreakpenalty=\count579
\c@biburlnumpenalty=\count580
\c@biburlucpenalty=\count581
\c@biburllcpenalty=\count582
\biburlbigskip=\muskip19
\biburlnumskip=\muskip20
\biburlucskip=\muskip21
\biburllcskip=\muskip22
\c@smartand=\count583
)
Package biblatex Info: Trying to load bibliography style 'numeric'...
Package biblatex Info: ... file 'numeric.bbx' found.

(/usr/local/texlive/2026/texmf-dist/tex/latex/biblatex/bbx/numeric.bbx
File: numeric.bbx 2025/07/10 v3.21 biblatex bibliography style (PK/MW)
Package biblatex Info: Trying to load bibliography style 'standard'...
Package biblatex Info: ... file 'standard.bbx' found.

(/usr/local/texlive/2026/texmf-dist/tex/latex/biblatex/bbx/standard.bbx
File: standard.bbx 2025/07/10 v3.21 biblatex bibliography style (PK/MW)
\c@bbx:relatedcount=\count584
\c@bbx:relatedtotal=\count585
))
Package biblatex Info: Trying to load citation style 'numeric-comp'...
Package biblatex Info: ... file 'numeric-comp.cbx' found.

(/usr/local/texlive/2026/texmf-dist/tex/latex/biblatex/cbx/numeric-comp.cbx
File: numeric-comp.cbx 2025/07/10 v3.21 biblatex citation style (PK/MW)
\c@cbx@tempcnta=\count586
\c@cbx@tempcntb=\count587
\c@cbx@tempcntc=\count588
\c@cbx@tempcntd=\count589
Package biblatex Info: Redefining '\cite'.
Package biblatex Info: Redefining '\parencite'.
Package biblatex Info: Redefining '\footcite'.
Package biblatex Info: Redefining '\footcitetext'.
Package biblatex Info: Redefining '\smartcite'.
Package biblatex Info: Redefining '\supercite'.
Package biblatex Info: Redefining '\textcite'.
Package biblatex Info: Redefining '\textcites'.
Package biblatex Info: Redefining '\cites'.
Package biblatex Info: Redefining '\parencites'.
Package biblatex Info: Redefining '\smartcites'.
)
Package biblatex Info: Trying to load configuration file...
Package biblatex Info: ... file 'biblatex.cfg' found.

(/usr/local/texlive/2026/texmf-dist/tex/latex/biblatex/biblatex.cfg
File: biblatex.cfg 
)
Package biblatex Info: Input encoding 'utf8' detected.
Package biblatex Info: Document encoding is UTF8 ....
Package biblatex Info: ... and expl3
(biblatex)             2026-01-19 L3 programming layer (loader) 
(biblatex)             is new enough (at least 2020/04/06),
(biblatex)             setting 'casechanger=expl3'.

(/usr/local/texlive/2026/texmf-dist/tex/latex/biblatex/blx-case-expl3.sty
Package: blx-case-expl3 2025/07/10 v3.21 expl3 case changing code for biblatex
))
Package biblatex Info: Redefining '\fullcite' on input line 407.
)
(./kaotheorems.sty
Package: kaotheorems 

(/usr/local/texlive/2026/texmf-dist/tex/latex/amscls/amsthm.sty
Package: amsthm 2020/05/29 v2.20.6
\thm@style=\toks73
\thm@bodyfont=\toks74
\thm@headfont=\toks75
\thm@notefont=\toks76
\thm@headpunct=\toks77
\thm@preskip=\skip299
\thm@postskip=\skip300
\thm@headsep=\skip301
\dth@everypar=\toks78
LaTeX Info: Redefining \textsquare on input line 427.
)
Class scrbook Info: amsthm's \deferred@thm@head patched.

(/usr/local/texlive/2026/texmf-dist/tex/latex/thmtools/thmtools.sty
Package: thmtools 2023/05/04 v0.76
\thmt@toks=\toks79
\c@thmt@dummyctr=\count590

(/usr/local/texlive/2026/texmf-dist/tex/latex/thmtools/thm-patch.sty
Package: thm-patch 2023/05/04 v0.76

(/usr/local/texlive/2026/texmf-dist/tex/latex/thmtools/parseargs.sty
Package: parseargs 2023/05/04 v0.76
\@parsespec=\toks80
))
(/usr/local/texlive/2026/texmf-dist/tex/latex/thmtools/thm-kv.sty
Package: thm-kv 2023/05/04 v0.76
Package thm-kv Info: Theorem names will be uppercased on input line 42.
Package thm-kv Info: kvsetkeys patch (v1.16 or later) on input line 158.
)
(/usr/local/texlive/2026/texmf-dist/tex/latex/thmtools/thm-autoref.sty
Package: thm-autoref 2023/05/04 v0.76

(/usr/local/texlive/2026/texmf-dist/tex/latex/thmtools/aliasctr.sty
Package: aliasctr 2023/05/04 v0.76
))
(/usr/local/texlive/2026/texmf-dist/tex/latex/thmtools/thm-listof.sty
Package: thm-listof 2023/05/04 v0.76
)
(/usr/local/texlive/2026/texmf-dist/tex/latex/thmtools/thm-restate.sty
Package: thm-restate 2023/05/04 v0.76
)
(/usr/local/texlive/2026/texmf-dist/tex/latex/thmtools/thm-amsthm.sty
Package: thm-amsthm 2023/05/04 v0.76
\thmt@style@headstyle=\toks81
))
Package thmtools Info: Automatically pulling in `thmdef-mdframed' on input line
 148.

(/usr/local/texlive/2026/texmf-dist/tex/latex/thmtools/thmdef-mdframed.sty
Package: thmdef-mdframed 2023/05/04 v0.76
)
\c@theorem=\count591
\c@definition=\count592
\c@assumption=\count593
\c@remark=\count594
\c@example=\count595
\c@exercise=\count596
)
(./kaorefs.sty
Package: kaorefs 

(/usr/local/texlive/2026/texmf-dist/tex/latex/cleveref/cleveref.sty
Package: cleveref 2018/03/27 v0.21.4 Intelligent cross-referencing
Package cleveref Info: `hyperref' support loaded on input line 2370.
LaTeX Info: Redefining \cref on input line 2370.
LaTeX Info: Redefining \Cref on input line 2370.
LaTeX Info: Redefining \crefrange on input line 2370.
LaTeX Info: Redefining \Crefrange on input line 2370.
LaTeX Info: Redefining \cpageref on input line 2370.
LaTeX Info: Redefining \Cpageref on input line 2370.
LaTeX Info: Redefining \cpagerefrange on input line 2370.
LaTeX Info: Redefining \Cpagerefrange on input line 2370.
LaTeX Info: Redefining \labelcref on input line 2370.
LaTeX Info: Redefining \labelcpageref on input line 2370.
Package cleveref Info: `varioref' support loaded on input line 2605.
Package cleveref Info: `cleveref' supersedes `varioref's \labelformatcommand on
 input line 2605.
LaTeX Info: Redefining \vref on input line 2605.
LaTeX Info: Redefining \Vref on input line 2605.
LaTeX Info: Redefining \vrefrange on input line 2605.
LaTeX Info: Redefining \fullref on input line 2605.
Package cleveref Info: `amsthm' support loaded on input line 3026.
Package cleveref Info: `listings' support loaded on input line 3131.
Package cleveref Info: `algorithm2e' support loaded on input line 3147.
Package cleveref Info: always capitalise cross-reference names on input line 78
25.
Package cleveref Info: include cross-reference names in hyperlinks on input lin
e 7836.
Package cleveref Info: always capitalise cross-reference names on input line 78
52.
Package cleveref Info: include cross-reference names in hyperlinks on input lin
e 7852.
Package cleveref Info: no abbreviation of names on input line 7852.
)
==> First Aid for cleveref.sty applied!
)
\c@appliedexample=\count597
\main@idxfile=\write130
\openout4 = `main.idx'.


Writing index file main.idx
\glswrite=\write131
\glo@main@file=\write132
\openout4 = `main.glo'.

Package glossaries Info: Writing glossary file main.glo on input line 94.
(/usr/local/texlive/2026/texmf-dist/tex/latex/scrhack/scrhack.sty
Package: scrhack 2024-09-04 v3.42 scrhack emulation package

(/usr/local/texlive/2026/texmf-dist/tex/latex/floatrowbytocbasic/floatrowbytocb
asic.sty
Package: floatrowbytocbasic 2023-08-16 v1.0 improved floatrow package using toc
basic
)
(/usr/local/texlive/2026/texmf-dist/tex/latex/setspaceenhanced/setspaceenhanced
.sty
Package: setspaceenhanced 2024-11-12 v1.04 improved setspace package
))
LaTeX Font Info:    Font shape `T1/zpllf/m/n' will be
(Font)              scaled to size 9.70001pt on input line 96.
 Replaced itshape by thfamily in theorem style plain.
Package csquotes Info: Checking for multilingual support...
Package csquotes Info: ... found 'babel' package.
Package csquotes Info: Adjusting default style.
Package csquotes Info: Redefining alias 'default' -> 'english'.


LaTeX Warning: Unused global option(s):
    [a4paper,fontsize,twoside,numbers].

(./main.aux)
\openout1 = `main.aux'.

LaTeX Font Info:    Checking defaults for OML/npxmi/m/it on input line 96.
LaTeX Font Info:    Trying to load font information for OML+npxmi on input line
 96.
 (/usr/local/texlive/2026/texmf-dist/tex/latex/newpx/omlnpxmi.fd
File: omlnpxmi.fd 2013/03/21 Fontinst v1.933 font definitions for OML/npxmi.
)
LaTeX Font Info:    ... okay on input line 96.
LaTeX Font Info:    Checking defaults for OMS/cmsy/m/n on input line 96.
LaTeX Font Info:    ... okay on input line 96.
LaTeX Font Info:    Checking defaults for OT1/cmr/m/n on input line 96.
LaTeX Font Info:    ... okay on input line 96.
LaTeX Font Info:    Checking defaults for T1/cmr/m/n on input line 96.
LaTeX Font Info:    ... okay on input line 96.
LaTeX Font Info:    Checking defaults for TS1/cmr/m/n on input line 96.
LaTeX Font Info:    ... okay on input line 96.
LaTeX Font Info:    Checking defaults for OMX/cmex/m/n on input line 96.
LaTeX Font Info:    ... okay on input line 96.
LaTeX Font Info:    Checking defaults for U/npxexa/m/n on input line 96.
LaTeX Font Info:    Trying to load font information for U+npxexa on input line 
96.

(/usr/local/texlive/2026/texmf-dist/tex/latex/newpx/unpxexa.fd
File: unpxexa.fd 2013/03/24 Fontinst v1.933 font definitions for U/npxexa.
)
LaTeX Font Info:    ... okay on input line 96.
LaTeX Font Info:    Checking defaults for PD1/pdf/m/n on input line 96.
LaTeX Font Info:    ... okay on input line 96.
LaTeX Font Info:    Checking defaults for PU/pdf/m/n on input line 96.
LaTeX Font Info:    ... okay on input line 96.
LaTeX Font Info:    Checking defaults for LMS/npxsy/m/n on input line 96.
LaTeX Font Info:    Trying to load font information for LMS+npxsy on input line
 96.

(/usr/local/texlive/2026/texmf-dist/tex/latex/newpx/lmsnpxsy.fd
File: lmsnpxsy.fd 2016/07/04 Fontinst v1.933 font definitions for LMS/npxsy.
)
LaTeX Font Info:    ... okay on input line 96.
LaTeX Font Info:    Checking defaults for LMX/npxexx/m/n on input line 96.
LaTeX Font Info:    Trying to load font information for LMX+npxexx on input lin
e 96.

(/usr/local/texlive/2026/texmf-dist/tex/latex/newpx/lmxnpxexx.fd
File: lmxnpxexx.fd 2016/07/04 Fontinst v1.933 font definitions for LMX/npxexx.
)
LaTeX Font Info:    ... okay on input line 96.
Package scrbase Info: activating english \partname on input line 96.
Package scrbase Info: activating english \chaptername on input line 96.
Package scrbase Info: activating english \appendixname on input line 96.
Package scrbase Info: activating english \figurename on input line 96.
Package scrbase Info: activating english \tablename on input line 96.
Package scrbase Info: activating english \contentsname on input line 96.
Package scrbase Info: activating english \listfigurename on input line 96.
Package scrbase Info: activating english \listtablename on input line 96.
Package scrbase Info: activating english \bibname on input line 96.
Package scrbase Info: activating english \indexname on input line 96.

(/usr/local/texlive/2026/texmf-dist/tex/context/base/mkii/supp-pdf.mkii
[Loading MPS to PDF converter (version 2006.09.02).]
\scratchcounter=\count598
\scratchdimen=\dimen384
\scratchbox=\box157
\nofMPsegments=\count599
\nofMParguments=\count600
\everyMPshowfont=\toks82
\MPscratchCnt=\count601
\MPscratchDim=\dimen385
\MPnumerator=\count602
\makeMPintoPDFobject=\count603
\everyMPtoPDFconversion=\toks83
) (/usr/local/texlive/2026/texmf-dist/tex/latex/epstopdf-pkg/epstopdf-base.sty
Package: epstopdf-base 2020-01-24 v2.11 Base part for package epstopdf
Package epstopdf-base Info: Redefining graphics rule for `.eps' on input line 4
85.

(/usr/local/texlive/2026/texmf-dist/tex/latex/latexconfig/epstopdf-sys.cfg
File: epstopdf-sys.cfg 2010/07/13 v1.3 Configuration of (r)epstopdf for TeX Liv
e
))
*geometry* driver: auto-detecting
*geometry* detected driver: pdftex
*geometry* verbose mode - [ preamble ] result:
* driver: pdftex
* paper: custom
* layout: <same size as paper>
* layoutoffset:(h,v)=(0.0pt,0.0pt)
* modes: twoside 
* h-part:(L,W,R)=(71.7013pt, 418.25148pt, 107.55196pt)
* v-part:(T,H,B)=(101.4061pt, 591.5271pt, 152.1092pt)
* \paperwidth=597.50473pt
* \paperheight=845.0424pt
* \textwidth=418.25148pt
* \textheight=591.5271pt
* \oddsidemargin=-0.5687pt
* \evensidemargin=35.28197pt
* \topmargin=-3.86389pt
* \headheight=15.0pt
* \headsep=31.29787pt
* \topskip=10.0pt
* \footskip=42.0pt
* \marginparwidth=112.03273pt
* \marginparsep=12.8401pt
* \columnsep=10.0pt
* \skip\footins=9.0pt plus 4.0pt minus 2.0pt
* \hoffset=0.0pt
* \voffset=0.0pt
* \mag=1000
* \@twocolumnfalse
* \@twosidetrue
* \@mparswitchtrue
* \@reversemarginfalse
* (1in=72.27pt=25.4mm, 1cm=28.453pt)

*geometry* verbose mode - [ newgeometry ] result:
* driver: pdftex
* paper: custom
* layout: <same size as paper>
* layoutoffset:(h,v)=(0.0pt,0.0pt)
* modes: twoside 
* h-part:(L,W,R)=(70.56247pt, 304.44289pt, 222.49937pt)
* v-part:(T,H,B)=(77.96011pt, 689.12218pt, 77.96011pt)
* \paperwidth=597.50473pt
* \paperheight=845.0424pt
* \textwidth=304.44289pt
* \textheight=689.12218pt
* \oddsidemargin=-1.70752pt
* \evensidemargin=150.22939pt
* \topmargin=-40.60774pt
* \headheight=15.0pt
* \headsep=31.29787pt
* \topskip=10.0pt
* \footskip=42.0pt
* \marginparwidth=135.71892pt
* \marginparsep=17.6406pt
* \columnsep=10.0pt
* \skip\footins=9.0pt plus 4.0pt minus 2.0pt
* \hoffset=0.0pt
* \voffset=0.0pt
* \mag=1000
* \@twocolumnfalse
* \@twosidetrue
* \@mparswitchtrue
* \@reversemarginfalse
* (1in=72.27pt=25.4mm, 1cm=28.453pt)

LaTeX Info: Redefining \microtypecontext on input line 96.
Package microtype Info: Applying patch `item' on input line 96.
Package microtype Info: Applying patch `toc' on input line 96.
Package microtype Info: Applying patch `eqnum' on input line 96.
Package microtype Info: Applying patch `footnote' on input line 96.
Package microtype Info: Applying patch `verbatim' on input line 96.
LaTeX Info: Redefining \microtypesetup on input line 96.
Package microtype Info: Generating PDF output.
Package microtype Info: Character protrusion enabled (level 2).
Package microtype Info: Using default protrusion set `alltext'.
Package microtype Info: Automatic font expansion enabled (level 2),
(microtype)             stretch: 20, shrink: 20, step: 1, non-selected.
Package microtype Info: Using default expansion set `alltext-nott'.
Package microtype Info: Patching command `\showhyphens'.
Package microtype Info: No adjustment of tracking.
Package microtype Info: No adjustment of interword spacing.
Package microtype Info: No adjustment of character kerning.
(/usr/local/texlive/2026/texmf-dist/tex/latex/microtype/mt-ppl.cfg
File: mt-ppl.cfg 2005/11/16 v1.6 microtype config. file: Palatino (RS)
)
Package caption Info: Begin \AtBeginDocument code.
Package caption Info: changepage package is loaded.
\caption@adjustwidth@hsize=\dimen386
\caption@adjustwidth@linewidth=\dimen387
Package caption Info: float package is loaded.
Package caption Info: floatrow package is loaded.
Package caption Info: floatrow package is loaded.
Package caption Info: hyperref package is loaded.
Package caption Info: listings package is loaded.
Package caption Info: longtable package is loaded.

(/usr/local/texlive/2026/texmf-dist/tex/latex/caption/ltcaption.sty
Package: ltcaption 2021/01/08 v1.4c longtable captions (AR)
)
Package caption Info: Fixing longtable code of `floatrow' package.
Package caption Info: rotating package is loaded.
Package caption Info: supertabular package is loaded.
Package caption Info: End \AtBeginDocument code.
\@sidenotes@extrawidth=\skip302
Package hyperref Info: Link coloring ON on input line 96.
\c@lstlisting=\count604
Package tocbasic Info: setting babel extension for `lol' on input line 96.
\scr@dte@lstlisting@maxnumwidth=\skip303

(/usr/local/texlive/2026/texmf-dist/tex/latex/floatrow/fr-longtable.sty
Package: fr-longtable 2007/11/28 v0.1b (beta) floatrow: additions for longtable

\flrow@LT@lasthead=\box158
\flrow@LT@prelastfoot=\box159
\c@FBLTpage=\count605
)
\Etoc@tf=\read7
\c@mv@tabular=\count606
\c@mv@boldtabular=\count607
LaTeX Info: Command `\dddot' is already robust on input line 96.
LaTeX Info: Command `\ddddot' is already robust on input line 96.

(/usr/local/texlive/2026/texmf-dist/tex/latex/pdflscape/pdflscape.sty
Package: pdflscape 2025-06-23 v0.14 Display of landscape pages in PDF

(/usr/local/texlive/2026/texmf-dist/tex/latex/pdflscape/pdflscape-nometadata.st
y
Package: pdflscape-nometadata 2025-06-23 v0.14 Display of landscape pages in PD
F (HO)
 (/usr/local/texlive/2026/texmf-dist/tex/latex/graphics/lscape.sty
Package: lscape 2020/05/28 v3.02 Landscape Pages (DPC)
)
(/usr/local/texlive/2026/texmf-dist/tex/latex/lscapeenhanced/lscapeenhanced.sty
Package: lscapeenhanced 2024-04-16 v1.0 improved lscape package
Package lscapeenhanced Info: \landscape patched to make \textheight change opti
onal on input line 72.
\@lscapeenhanced@textheight=\skip304
)
Package pdflscape Info: Auto-detected driver: pdftex on input line 81.
))
Package biblatex Info: Trying to load language 'english'...
Package biblatex Info: ... file 'english.lbx' found.
 (/usr/local/texlive/2026/texmf-dist/tex/latex/biblatex/lbx/english.lbx
File: english.lbx 2025/07/10 v3.21 biblatex localization (PK/MW)
)
Package biblatex Info: Input encoding 'utf8' detected.
Package biblatex Info: Automatic encoding selection.
(biblatex)             Assuming data encoding 'utf8'.
\openout4 = `main.bcf'.

\openout4 = `main.mw'.

\openout4 = `main.mw'.

Package biblatex Info: Trying to load bibliographic data...
Package biblatex Info: ... file 'main.bbl' not found.

No file main.bbl.
Package biblatex Info: Reference section=0 on input line 96.
Package biblatex Info: Reference segment=0 on input line 96.
LaTeX Font Info:    Trying to load font information for T1+qhv on input line 11
4.
(/usr/local/texlive/2026/texmf-dist/tex/latex/tex-gyre/t1qhv.fd
File: t1qhv.fd 2009/09/25 v1.2 font definition file for T1/qhv
)
LaTeX Font Info:    Font shape `T1/qhv/m/n' will be
(Font)              scaled to size 9.02084pt on input line 114.
Package microtype Info: Loading generic protrusion settings for font family
(microtype)             `qhv' (encoding: T1).
(microtype)             For optimal results, create family-specific settings.
(microtype)             See the microtype manual for details.
LaTeX Font Info:    Font shape `T1/qhv/b/n' will be
(Font)              scaled to size 9.02084pt on input line 114.
LaTeX Font Info:    Font shape `T1/qhv/b/n' will be
(Font)              scaled to size 18.70923pt on input line 114.
LaTeX Font Info:    Trying to load font information for T1+fvm on input line 11
4.

(/usr/local/texlive/2026/texmf-dist/tex/latex/bera/t1fvm.fd
File: t1fvm.fd 2004/09/07 scalable font definitions for T1/fvm.
)
LaTeX Font Info:    Font shape `T1/fvm/b/n' will be
(Font)              scaled to size 17.62912pt on input line 114.
Package microtype Info: Loading generic protrusion settings for font family
(microtype)             `fvm' (encoding: T1).
(microtype)             For optimal results, create family-specific settings.
(microtype)             See the microtype manual for details.
LaTeX Font Info:    Font shape `T1/qhv/b/n' will be
(Font)              scaled to size 10.82501pt on input line 114.
LaTeX Font Info:    Font shape `T1/zpllf/m/n' will be
(Font)              scaled to size 13.968pt on input line 114.
LaTeX Font Info:    Trying to load font information for OT1+minzpl on input lin
e 114.

(/usr/local/texlive/2026/texmf-dist/tex/latex/newpx/ot1minzpl.fd
File: ot1minzpl.fd 2021/05/25 v1.0 font definition file for OT1/minzpl/TLF
)
LaTeX Font Info:    Font shape `OT1/minzpl/m/n' will be
(Font)              scaled to size 13.968pt on input line 114.
Package microtype Info: Loading generic protrusion settings for font family
(microtype)             `minzpl' (encoding: OT1).
(microtype)             For optimal results, create family-specific settings.
(microtype)             See the microtype manual for details.
LaTeX Font Info:    Font shape `OT1/minzpl/m/n' will be
(Font)              scaled to size 10.18501pt on input line 114.
LaTeX Font Info:    Font shape `OT1/minzpl/m/n' will be
(Font)              scaled to size 7.663pt on input line 114.
LaTeX Font Info:    Trying to load font information for U+msa on input line 114
.

(/usr/local/texlive/2026/texmf-dist/tex/latex/amsfonts/umsa.fd
File: umsa.fd 2013/01/14 v3.01 AMS symbols A
)
(/usr/local/texlive/2026/texmf-dist/tex/latex/microtype/mt-msa.cfg
File: mt-msa.cfg 2006/02/04 v1.1 microtype config. file: AMS symbols (a) (RS)
)
LaTeX Font Info:    Trying to load font information for U+msb on input line 114
.

(/usr/local/texlive/2026/texmf-dist/tex/latex/amsfonts/umsb.fd
File: umsb.fd 2013/01/14 v3.01 AMS symbols B
)
(/usr/local/texlive/2026/texmf-dist/tex/latex/microtype/mt-msb.cfg
File: mt-msb.cfg 2005/06/01 v1.0 microtype config. file: AMS symbols (b) (RS)
)
LaTeX Font Info:    Trying to load font information for U+npxmia on input line 
114.

(/usr/local/texlive/2026/texmf-dist/tex/latex/newpx/unpxmia.fd
File: unpxmia.fd 2013/03/24 Fontinst v1.933 font definitions for U/npxmia.
)
LaTeX Font Info:    Trying to load font information for U+npxsym on input line 
114.

(/usr/local/texlive/2026/texmf-dist/tex/latex/newpx/unpxsym.fd
File: unpxsym.fd 2023/08/16 Fontinst v1.933 font definitions for U/npxsym.
)
LaTeX Font Info:    Trying to load font information for U+npxsyc on input line 
114.

(/usr/local/texlive/2026/texmf-dist/tex/latex/newpx/unpxsyc.fd
File: unpxsyc.fd 2013/03/24 Fontinst v1.933 font definitions for U/npxsyc.
)
\openout4 = `main.mw'.

 [1




{/usr/local/texlive/2026/texmf-var/fonts/map/pdftex/updmap/pdftex.map}{/usr/loc
al/texlive/2026/texmf-dist/fonts/enc/dvips/newtx/ntx-ec-lf.enc}{/usr/local/texl
ive/2026/texmf-dist/fonts/enc/dvips/tex-gyre/q-ec.enc}{/usr/local/texlive/2026/
texmf-dist/fonts/enc/dvips/base/8r.enc}] (./main.mw)
\openout4 = `main.mw'.

\openout4 = `main.xdy'.

\openout4 = `main.mw'.

\openout4 = `main.mw'.

\openout4 = `main.mw'.

\openout4 = `main.mw'.

\openout4 = `main.mw'.

\openout4 = `main.mw'.

\openout4 = `main.mw'.

\openout4 = `main.mw'.

\openout4 = `main.mw'.

\openout4 = `main.mw'.

\openout4 = `main.mw'.

\openout4 = `main.mw'.

\openout4 = `main.mw'.

\openout4 = `main.mw'.

\openout4 = `main.mw'.

\openout4 = `main.mw'.

\openout4 = `main.mw'.

\openout4 = `main.mw'.

\openout4 = `main.mw'.

\openout4 = `main.mw'.

\openout4 = `main.mw'.

\openout4 = `main.mw'.

\openout4 = `main.mw'.

\openout4 = `main.mw'.

\openout4 = `main.mw'.

\openout4 = `main.mw'.

\openout4 = `main.mw'.

\openout4 = `main.mw'.

\openout4 = `main.mw'.

\openout4 = `main.mw'.

\openout4 = `main.mw'.

\openout4 = `main.mw'.

\openout4 = `main.mw'.

\openout4 = `main.mw'.

\openout4 = `main.mw'.

\openout4 = `main.mw'.

\openout4 = `main.mw'.

\openout4 = `main.mw'.

\openout4 = `main.mw'.

\openout4 = `main.mw'.

\openout4 = `main.mw'.

\openout4 = `main.mw'.

\openout4 = `main.mw'.

\openout4 = `main.mw'.

\openout4 = `main.mw'.

\openout4 = `main.mw'.

\openout4 = `main.mw'.

\openout4 = `main.mw'.

\openout4 = `main.mw'.

\openout4 = `main.mw'.

\openout4 = `main.mw'.

\openout4 = `main.mw'.

\openout4 = `main.mw'.

\openout4 = `main.mw'.

\openout4 = `main.mw'.

\openout4 = `main.mw'.

\openout4 = `main.mw'.

\openout4 = `main.mw'.

\openout4 = `main.mw'.

\openout4 = `main.mw'.

\openout4 = `main.mw'.

\openout4 = `main.mw'.

\openout4 = `main.mw'.

\openout4 = `main.mw'.

\openout4 = `main.mw'.

\openout4 = `main.mw'.

\openout4 = `main.mw'.

\openout4 = `main.mw'.

\openout4 = `main.mw'.

\openout4 = `main.mw'.

\openout4 = `main.mw'.

\openout4 = `main.mw'.

\openout4 = `main.mw'.

\openout4 = `main.mw'.

\openout4 = `main.mw'.

\openout4 = `main.mw'.

\openout4 = `main.mw'.

\openout4 = `main.mw'.

\openout4 = `main.mw'.

\openout4 = `main.mw'.

\openout4 = `main.mw'.

\openout4 = `main.mw'.

\openout4 = `main.mw'.

\openout4 = `main.mw'.

\openout4 = `main.mw'.

\openout4 = `main.mw'.

\openout4 = `main.mw'.

\openout4 = `main.mw'.

\openout4 = `main.mw'.

\openout4 = `main.mw'.

\openout4 = `main.mw'.

\openout4 = `main.mw'.

\openout4 = `main.mw'.

\openout4 = `main.mw'.

\openout4 = `main.mw'.

\openout4 = `main.mw'.

\openout4 = `main.mw'.

\openout4 = `main.mw'.

\openout4 = `main.mw'.

\openout4 = `main.mw'.

\openout4 = `main.mw'.

\openout4 = `main.mw'.

\openout4 = `main.mw'.

\openout4 = `main.mw'.

\openout4 = `main.mw'.

\openout4 = `main.mw'.

\openout4 = `main.mw'.

\openout4 = `main.mw'.

\openout4 = `main.mw'.

\openout4 = `main.mw'.

\openout4 = `main.mw'.

\openout4 = `main.mw'.

\openout4 = `main.mw'.

\openout4 = `main.mw'.

\openout4 = `main.mw'.

\openout4 = `main.mw'.

\openout4 = `main.mw'.

\openout4 = `main.mw'.

\openout4 = `main.mw'.

\openout4 = `main.mw'.

\openout4 = `main.mw'.

\openout4 = `main.mw'.

\openout4 = `main.mw'.

\openout4 = `main.mw'.

\openout4 = `main.mw'.

\openout4 = `main.mw'.

\openout4 = `main.mw'.

\openout4 = `main.mw'.

\openout4 = `main.mw'.

\openout4 = `main.mw'.

\openout4 = `main.mw'.

\openout4 = `main.mw'.

\openout4 = `main.mw'.

\openout4 = `main.mw'.

\openout4 = `main.mw'.

\openout4 = `main.mw'.

\openout4 = `main.mw'.

\openout4 = `main.mw'.

\openout4 = `main.mw'.

\openout4 = `main.mw'.

\openout4 = `main.mw'.

\openout4 = `main.mw'.

\openout4 = `main.mw'.

\openout4 = `main.mw'.

\openout4 = `main.mw'.

\openout4 = `main.mw'.

\openout4 = `main.mw'.

\openout4 = `main.mw'.

\openout4 = `main.mw'.

\openout4 = `main.mw'.

\openout4 = `main.mw'.

\openout4 = `main.mw'.

\openout4 = `main.mw'.

\openout4 = `main.mw'.

\openout4 = `main.mw'.

\openout4 = `main.mw'.

\openout4 = `main.mw'.

\openout4 = `main.mw'.

\openout4 = `main.mw'.

\openout4 = `main.mw'.

\openout4 = `main.mw'.

\openout4 = `main.mw'.

\openout4 = `main.mw'.

\openout4 = `main.mw'.

\openout4 = `main.mw'.

\openout4 = `main.mw'.

\openout4 = `main.mw'.

\openout4 = `main.mw'.

\openout4 = `main.mw'.

\openout4 = `main.mw'.

\openout4 = `main.mw'.

\openout4 = `main.mw'.

\openout4 = `main.mw'.

\openout4 = `main.mw'.

\openout4 = `main.mw'.

\openout4 = `main.mw'.

\openout4 = `main.mw'.

\openout4 = `main.mw'.

\openout4 = `main.mw'.

\openout4 = `main.mw'.

\openout4 = `main.mw'.

\openout4 = `main.mw'.

\openout4 = `main.mw'.

\openout4 = `main.mw'.

\openout4 = `main.mw'.

\openout4 = `main.mw'.

\openout4 = `main.mw'.

\openout4 = `main.mw'.

\openout4 = `main.mw'.

\openout4 = `main.mw'.

\openout4 = `main.mw'.

\openout4 = `main.mw'.

\openout4 = `main.mw'.

\openout4 = `main.mw'.

\openout4 = `main.mw'.

\openout4 = `main.mw'.

\openout4 = `main.mw'.

\openout4 = `main.mw'.

\openout4 = `main.mw'.

\openout4 = `main.mw'.

\openout4 = `main.mw'.

\openout4 = `main.mw'.

\openout4 = `main.mw'.

\openout4 = `main.mw'.

\openout4 = `main.mw'.

\openout4 = `main.mw'.

\openout4 = `main.mw'.

\openout4 = `main.mw'.

\openout4 = `main.mw'.

\openout4 = `main.mw'.

\openout4 = `main.mw'.

\openout4 = `main.mw'.

\openout4 = `main.mw'.

\openout4 = `main.mw'.

\openout4 = `main.mw'.

\openout4 = `main.mw'.

\openout4 = `main.mw'.

\openout4 = `main.mw'.

\openout4 = `main.mw'.

\openout4 = `main.mw'.

\openout4 = `main.mw'.

\openout4 = `main.mw'.

\openout4 = `main.mw'.

\openout4 = `main.mw'.

\openout4 = `main.mw'.

\openout4 = `main.mw'.

\openout4 = `main.xdy'.

\openout4 = `main.mw'.

 [2


] (./main.mw)
\openout4 = `main.mw'.

*geometry* verbose mode - [ newgeometry ] result:
* driver: pdftex
* paper: custom
* layout: <same size as paper>
* layoutoffset:(h,v)=(0.0pt,0.0pt)
* modes: twoside 
* h-part:(L,W,R)=(70.56247pt, 456.37979pt, 70.56247pt)
* v-part:(T,H,B)=(77.96011pt, 689.12218pt, 77.96011pt)
* \paperwidth=597.50473pt
* \paperheight=845.0424pt
* \textwidth=456.37979pt
* \textheight=689.12218pt
* \oddsidemargin=-1.70752pt
* \evensidemargin=-1.70752pt
* \topmargin=-40.60774pt
* \headheight=15.0pt
* \headsep=31.29787pt
* \topskip=10.0pt
* \footskip=42.0pt
* \marginparwidth=0.0pt
* \marginparsep=0.0pt
* \columnsep=10.0pt
* \skip\footins=9.0pt plus 4.0pt minus 2.0pt
* \hoffset=0.0pt
* \voffset=0.0pt
* \mag=1000
* \@twocolumnfalse
* \@twosidetrue
* \@mparswitchtrue
* \@reversemarginfalse
* (1in=72.27pt=25.4mm, 1cm=28.453pt)

\tf@toc=\write133
\openout4 = `main.toc'.

LaTeX Font Info:    Font shape `T1/zpllf/m/n' will be
(Font)              scaled to size 20.11783pt on input line 132.
LaTeX Font Info:    Font shape `T1/zpllf/b/n' will be
(Font)              scaled to size 20.11783pt on input line 132.
Package tocbasic Info: character protrusion at toc deactivated on input line 13
2.
LaTeX Font Info:    Font shape `T1/zpllf/b/n' will be
(Font)              scaled to size 9.70001pt on input line 132.
LaTeX Font Info:    Font shape `T1/zpllf/m/n' will be
(Font)              scaled to size 11.64001pt on input line 132.
LaTeX Font Info:    Font shape `T1/zpllf/m/sc' will be
(Font)              scaled to size 11.64001pt on input line 132.
Package microtype Info: Character `029' is missing
(microtype)             in font `T1/zpllf/m/sc/12'.
(microtype)             Ignoring protrusion settings for this character.
LaTeX Font Info:    Font shape `T1/zpllf/b/sc' will be
(Font)              scaled to size 11.64001pt on input line 132.
Package microtype Info: Character `029' is missing
(microtype)             in font `T1/zpllf/b/sc/12'.
(microtype)             Ignoring protrusion settings for this character.
LaTeX Font Info:    Font shape `OT1/minzpl/m/n' will be
(Font)              scaled to size 9.70001pt on input line 132.
LaTeX Font Info:    Font shape `OT1/minzpl/m/n' will be
(Font)              scaled to size 7.08101pt on input line 132.
LaTeX Font Info:    Font shape `OT1/minzpl/m/n' will be
(Font)              scaled to size 5.335pt on input line 132.
LaTeX Font Info:    Font shape `T1/fvm/m/n' will be
(Font)              scaled to size 8.50006pt on input line 132.
LaTeX Font Info:    Font shape `T1/zpllf/m/sl' will be
(Font)              scaled to size 9.70001pt on input line 132.
\openout4 = `main.mw'.

 [1



{/usr/local/texlive/2026/texmf-dist/fonts/enc/dvips/newtx/ntx-ec-lf-pc.enc}] (.
/main.mw)
\openout4 = `main.mw'.



LaTeX Font Warning: Font shape `T1/fvm/b/sc' undefined
(Font)              using `T1/fvm/b/n' instead on input line 132.

LaTeX Font Info:    Font shape `T1/fvm/b/n' will be
(Font)              scaled to size 10.20007pt on input line 132.
\openout4 = `main.mw'.

[2] (./main.mw)
\openout4 = `main.mw'.

\openout4 = `main.mw'.

 [3] (./main.mw)
\openout4 = `main.mw'.

\openout4 = `main.mw'.

 [4


] (./main.mw)
\openout4 = `main.mw'.

Package tocbasic Info: character protrusion at lof deactivated on input line 13
2.
 (./main.lof)
\tf@lof=\write134
\openout4 = `main.lof'.

\openout4 = `main.mw'.

 [5] (./main.mw)
\openout4 = `main.mw'.

\openout4 = `main.mw'.


[6


] (./main.mw)
\openout4 = `main.mw'.

Package tocbasic Info: character protrusion at lot deactivated on input line 13
3.
 (./main.lot)
\tf@lot=\write135
\openout4 = `main.lot'.

\openout4 = `main.mw'.

 [7] (./main.mw)
\openout4 = `main.mw'.

\openout4 = `main.mw'.

 [8


] (./main.mw)
\openout4 = `main.mw'.

*geometry* verbose mode - [ newgeometry ] result:
* driver: pdftex
* paper: custom
* layout: <same size as paper>
* layoutoffset:(h,v)=(0.0pt,0.0pt)
* modes: twoside 
* h-part:(L,W,R)=(70.56247pt, 304.44289pt, 222.49937pt)
* v-part:(T,H,B)=(77.96011pt, 689.12218pt, 77.96011pt)
* \paperwidth=597.50473pt
* \paperheight=845.0424pt
* \textwidth=304.44289pt
* \textheight=689.12218pt
* \oddsidemargin=-1.70752pt
* \evensidemargin=150.22939pt
* \topmargin=-40.60774pt
* \headheight=15.0pt
* \headsep=31.29787pt
* \topskip=10.0pt
* \footskip=42.0pt
* \marginparwidth=135.71892pt
* \marginparsep=17.6406pt
* \columnsep=10.0pt
* \skip\footins=9.0pt plus 4.0pt minus 2.0pt
* \hoffset=0.0pt
* \voffset=0.0pt
* \mag=1000
* \@twocolumnfalse
* \@twosidetrue
* \@mparswitchtrue
* \@reversemarginfalse
* (1in=72.27pt=25.4mm, 1cm=28.453pt)

LaTeX Font Info:    Font shape `T1/zpllf/m/it' will be
(Font)              scaled to size 9.70001pt on input line 147.

pdfTeX warning (ext4): destination with the same identifier (name{page.1}) has 
been already used, duplicate ignored
<to be read again> 
                   \relax 
l.157 ... Principles, Speed, and the Modern Stack}
                                                  
\openout4 = `main.mw'.

 [1



] (./main.mw)
\openout4 = `main.mw'.


pdfTeX warning (ext4): destination with the same identifier (name{page.2}) has 
been already used, duplicate ignored
<to be read again> 
                   \relax 
l.157 ... Principles, Speed, and the Modern Stack}
                                                  
\openout4 = `main.mw'.

 [2


] (./main.mw)
\openout4 = `main.mw'.


part without number

Package hyperref Warning: Token not allowed in a PDF string (Unicode):
(hyperref)                removing `\newline' on input line 157.

LaTeX Font Info:    Font shape `T1/qhv/b/n' will be
(Font)              scaled to size 22.44386pt on input line 157.
LaTeX Font Info:    Font shape `T1/zpllf/m/n' will be
(Font)              scaled to size 24.13362pt on input line 157.
LaTeX Font Info:    Font shape `T1/zpllf/m/sc' will be
(Font)              scaled to size 24.13362pt on input line 157.
Package microtype Info: Character `029' is missing
(microtype)             in font `T1/zpllf/m/sc/24.88'.
(microtype)             Ignoring protrusion settings for this character.
LaTeX Font Info:    Font shape `T1/zpllf/b/sc' will be
(Font)              scaled to size 24.13362pt on input line 157.
Package microtype Info: Character `029' is missing
(microtype)             in font `T1/zpllf/b/sc/24.88'.
(microtype)             Ignoring protrusion settings for this character.
\openout4 = `main.mw'.

[3] (./main.mw)
\openout4 = `main.mw'.

\openout4 = `main.mw'.

 [4] (./main.mw)
\openout4 = `main.mw'.


chapter 1.
LaTeX Font Info:    Font shape `T1/qhv/b/n' will be
(Font)              scaled to size 12.99pt on input line 161.
LaTeX Font Info:    Font shape `T1/zpllf/b/n' will be
(Font)              scaled to size 13.968pt on input line 161.

Package hyperref Warning: bookmark level for unknown mtocsection defaults to 0.


LaTeX Font Info:    Font shape `T1/zpllf/m/n' will be
(Font)              scaled to size 8.73001pt on input line 163.
LaTeX Font Info:    Font shape `OT1/minzpl/m/n' will be
(Font)              scaled to size 8.73001pt on input line 163.
LaTeX Font Info:    Font shape `T1/zpllf/b/n' will be
(Font)              scaled to size 11.64001pt on input line 168.

Package hyperref Warning: bookmark level for unknown mtocsubsection defaults to
 0.

Package mdframed Info: mdframed works in twoside mode on input line 178.
Package mdframed Info: mdframed detected package amsthm 
 changed the theorem header of amsthm
(mdframed)              on input line 178.
Package mdframed Info: mdframed detected package amsthm 
 changed the theorem header of amsthm
(mdframed)              on input line 192.
\openout4 = `main.mw'.

[5


] (./main.mw)
\openout4 = `main.mw'.

Package mdframed Info: Not enough space on this page on input line 192.
Package mdframed Info: mdframed works in twoside mode on input line 194.
Package mdframed Info: mdframed detected package amsthm 
 changed the theorem header of amsthm
(mdframed)              on input line 194.
Package mdframed Info: mdframed detected package amsthm 
 changed the theorem header of amsthm
(mdframed)              on input line 196.
LaTeX Font Info:    Font shape `T1/fvm/b/n' will be
(Font)              scaled to size 8.50006pt on input line 196.
LaTeX Font Info:    Font shape `T1/zpllf/m/n' will be
(Font)              scaled to size 7.76001pt on input line 199.
\openout4 = `main.mw'.

\openout4 = `main.mw'.



LaTeX Warning: Citation 'James2013' on page 6 undefined on input line 199.

LaTeX Font Info:    Font shape `T1/zpllf/b/n' will be
(Font)              scaled to size 7.76001pt on input line 199.
\openout4 = `main.mw'.

[6{/usr/local/texlive/2026/texmf-dist/fonts/enc/dvips/newtx/ntx-ecth-tlf.enc}{/
usr/local/texlive/2026/texmf-dist/fonts/enc/dvips/newpx/px-lms.enc}] (./main.mw
)
\openout4 = `main.mw'.

Package mdframed Info: mdframed works in twoside mode on input line 209.
Package mdframed Info: mdframed detected package amsthm 
 changed the theorem header of amsthm
(mdframed)              on input line 209.
Package mdframed Info: mdframed detected package amsthm 
 changed the theorem header of amsthm
(mdframed)              on input line 211.
Package mdframed Info: mdframed works in twoside mode on input line 216.
Package mdframed Info: mdframed detected package amsthm 
 changed the theorem header of amsthm
(mdframed)              on input line 216.
Package mdframed Info: mdframed detected package amsthm 
 changed the theorem header of amsthm
(mdframed)              on input line 218.
LaTeX Font Info:    Font shape `T1/fvm/m/n' will be
(Font)              scaled to size 6.80005pt on input line 224.
\openout4 = `main.mw'.

 [7] (./main.mw)
\openout4 = `main.mw'.

Package mdframed Info: mdframed works in twoside mode on input line 227.
Package mdframed Info: mdframed detected package amsthm 
 changed the theorem header of amsthm
(mdframed)              on input line 227.
Package mdframed Info: mdframed detected package amsthm 
 changed the theorem header of amsthm
(mdframed)              on input line 229.
Package mdframed Info: mdframed works in twoside mode on input line 239.
Package mdframed Info: mdframed detected package amsthm 
 changed the theorem header of amsthm
(mdframed)              on input line 239.
Package mdframed Info: mdframed detected package amsthm 
 changed the theorem header of amsthm
(mdframed)              on input line 241.
\openout4 = `main.mw'.

 [8] (./main.mw)
\openout4 = `main.mw'.

\openout4 = `main.mw'.

 [9] (./main.mw)
\openout4 = `main.mw'.

\openout4 = `main.mw'.

 [10


] (./main.mw)
\openout4 = `main.mw'.


chapter 2.
LaTeX Font Info:    Font shape `T1/fvm/b/n' will be
(Font)              scaled to size 12.24008pt on input line 253.

Underfull \hbox (badness 2644) in paragraph at lines 261--261
\T1/zpllf/m/n/8 (+20) drive paths cross-platform (ma-cOS
 []

Package mdframed Info: mdframed works in twoside mode on input line 264.
Package mdframed Info: mdframed detected package amsthm 
 changed the theorem header of amsthm
(mdframed)              on input line 264.
Package mdframed Info: mdframed detected package amsthm 
 changed the theorem header of amsthm
(mdframed)              on input line 266.

Underfull \hbox (badness 2221) in paragraph at lines 271--272
[]\T1/zpllf/b/n/10 (+20) Response Rate Track-ers\T1/zpllf/m/n/10 (+20) : Au-tom
at-ing daily re-ports from
 []

\openout4 = `main.mw'.

[11{/usr/local/texlive/2026/texmf-dist/fonts/enc/dvips/newtx/ntx-ot1-tlf.enc}]
(./main.mw)
\openout4 = `main.mw'.

Package mdframed Info: mdframed works in twoside mode on input line 278.
Package mdframed Info: mdframed detected package amsthm 
 changed the theorem header of amsthm
(mdframed)              on input line 278.
Package mdframed Info: mdframed detected package amsthm 
 changed the theorem header of amsthm
(mdframed)              on input line 280.
Package mdframed Info: mdframed works in twoside mode on input line 282.
Package mdframed Info: mdframed detected package amsthm 
 changed the theorem header of amsthm
(mdframed)              on input line 282.
Package mdframed Info: mdframed detected package amsthm 
 changed the theorem header of amsthm
(mdframed)              on input line 284.
Package mdframed Info: mdframed works in twoside mode on input line 292.
Package mdframed Info: mdframed detected package amsthm 
 changed the theorem header of amsthm
(mdframed)              on input line 292.
Package mdframed Info: mdframed detected package amsthm 
 changed the theorem header of amsthm
(mdframed)              on input line 294.
\openout4 = `main.mw'.

 [12] (./main.mw)
\openout4 = `main.mw'.

Package mdframed Info: mdframed works in twoside mode on input line 303.
Package mdframed Info: mdframed detected package amsthm 
 changed the theorem header of amsthm
(mdframed)              on input line 303.
Package mdframed Info: mdframed detected package amsthm 
 changed the theorem header of amsthm
(mdframed)              on input line 305.
\openout4 = `main.mw'.

 [13] (./main.mw)
\openout4 = `main.mw'.

\openout4 = `main.mw'.

 [14


] (./main.mw)
\openout4 = `main.mw'.


chapter 3.
LaTeX Font Info:    Font shape `T1/zpllf/m/it' will be
(Font)              scaled to size 7.76001pt on input line 308.
Package mdframed Info: mdframed works in twoside mode on input line 319.
Package mdframed Info: mdframed detected package amsthm 
 changed the theorem header of amsthm
(mdframed)              on input line 319.
Package mdframed Info: mdframed detected package amsthm 
 changed the theorem header of amsthm
(mdframed)              on input line 321.
\openout4 = `main.mw'.

[15] (./main.mw)
\openout4 = `main.mw'.


pdfTeX warning (ext4): destination with the same identifier (name{appliedexampl
e.1}) has been already used, duplicate ignored
<to be read again> 
                   \relax 
l.347 ...00 Progress Notes Without Getting Burned]
                                                  
Package mdframed Info: mdframed works in twoside mode on input line 347.
Package mdframed Info: mdframed detected package amsthm 
 changed the theorem header of amsthm
(mdframed)              on input line 347.
Package mdframed Info: mdframed detected package amsthm 
 changed the theorem header of amsthm
(mdframed)              on input line 363.
\openout4 = `main.mw'.

 [16] (./main.mw)
\openout4 = `main.mw'.

\openout4 = `main.mw'.

 [17]
(./main.mw)
\openout4 = `main.mw'.

\openout4 = `main.mw'.

 [18


] (./main.mw)
\openout4 = `main.mw'.


part without number

Package hyperref Warning: Token not allowed in a PDF string (Unicode):
(hyperref)                removing `\newline' on input line 369.

\openout4 = `main.mw'.

[19] (./main.mw)
\openout4 = `main.mw'.

\openout4 = `main.mw'.

 [20] (./main.mw)
\openout4 = `main.mw'.


chapter 4.
Package mdframed Info: mdframed works in twoside mode on input line 379.
Package mdframed Info: mdframed detected package amsthm 
 changed the theorem header of amsthm
(mdframed)              on input line 379.
Package mdframed Info: mdframed detected package amsthm 
 changed the theorem header of amsthm
(mdframed)              on input line 381.
Package mdframed Info: mdframed works in twoside mode on input line 390.
Package mdframed Info: mdframed detected package amsthm 
 changed the theorem header of amsthm
(mdframed)              on input line 390.
Package mdframed Info: mdframed detected package amsthm 
 changed the theorem header of amsthm
(mdframed)              on input line 392.
\openout4 = `main.mw'.

[21


] (./main.mw)
\openout4 = `main.mw'.

\openout4 = `main.mw'.

 [22] (./main.mw)
\openout4 = `main.mw'.


chapter 5.
Package mdframed Info: mdframed works in twoside mode on input line 410.
Package mdframed Info: mdframed detected package amsthm 
 changed the theorem header of amsthm
(mdframed)              on input line 410.
Package mdframed Info: mdframed detected package amsthm 
 changed the theorem header of amsthm
(mdframed)              on input line 412.

pdfTeX warning (ext4): destination with the same identifier (name{appliedexampl
e.1}) has been already used, duplicate ignored
<to be read again> 
                   \relax 
l.414 ...nking Two Agency Files With No Common ID]
                                                  
Package mdframed Info: mdframed works in twoside mode on input line 414.
Package mdframed Info: mdframed detected package amsthm 
 changed the theorem header of amsthm
(mdframed)              on input line 414.
Package mdframed Info: mdframed detected package amsthm 
 changed the theorem header of amsthm
(mdframed)              on input line 429.
\openout4 = `main.mw'.

 [23


] (./main.mw)
\openout4 = `main.mw'.

Package mdframed Info: mdframed works in twoside mode on input line 437.
Package mdframed Info: mdframed detected package amsthm 
 changed the theorem header of amsthm
(mdframed)              on input line 437.
Package mdframed Info: mdframed detected package amsthm 
 changed the theorem header of amsthm
(mdframed)              on input line 439.
Package mdframed Info: mdframed works in twoside mode on input line 441.
Package mdframed Info: mdframed detected package amsthm 
 changed the theorem header of amsthm
(mdframed)              on input line 441.
Package mdframed Info: mdframed detected package amsthm 
 changed the theorem header of amsthm
(mdframed)              on input line 443.
\openout4 = `main.mw'.

 [24]
(./main.mw)
\openout4 = `main.mw'.

Package mdframed Info: mdframed works in twoside mode on input line 453.
Package mdframed Info: mdframed detected package amsthm 
 changed the theorem header of amsthm
(mdframed)              on input line 453.
Package mdframed Info: mdframed detected package amsthm 
 changed the theorem header of amsthm
(mdframed)              on input line 455.
\openout4 = `main.mw'.

 [25] (./main.mw)
\openout4 = `main.mw'.

\openout4 = `main.mw'.

 [26


] (./main.mw)
\openout4 = `main.mw'.


chapter 6.
Package mdframed Info: mdframed works in twoside mode on input line 472.
Package mdframed Info: mdframed detected package amsthm 
 changed the theorem header of amsthm
(mdframed)              on input line 472.
Package mdframed Info: mdframed detected package amsthm 
 changed the theorem header of amsthm
(mdframed)              on input line 474.
Package mdframed Info: mdframed works in twoside mode on input line 482.
Package mdframed Info: mdframed detected package amsthm 
 changed the theorem header of amsthm
(mdframed)              on input line 482.
Package mdframed Info: mdframed detected package amsthm 
 changed the theorem header of amsthm
(mdframed)              on input line 484.
\openout4 = `main.mw'.

[27] (./main.mw)
\openout4 = `main.mw'.

\openout4 = `main.mw'.

 [28


] (./main.mw)
\openout4 = `main.mw'.


part without number

Package hyperref Warning: Token not allowed in a PDF string (Unicode):
(hyperref)                removing `\newline' on input line 490.

\openout4 = `main.mw'.

[29] (./main.mw)
\openout4 = `main.mw'.

\openout4 = `main.mw'.

 [30] (./main.mw)
\openout4 = `main.mw'.


chapter 7.
LaTeX Font Info:    Font shape `OT1/minzpl/m/n' will be
(Font)              scaled to size 7.76001pt on input line 499.
LaTeX Font Info:    Font shape `OT1/minzpl/m/n' will be
(Font)              scaled to size 6.01399pt on input line 499.
Package mdframed Info: mdframed works in twoside mode on input line 501.
Package mdframed Info: mdframed detected package amsthm 
 changed the theorem header of amsthm
(mdframed)              on input line 501.
Package mdframed Info: mdframed detected package amsthm 
 changed the theorem header of amsthm
(mdframed)              on input line 503.
\openout4 = `main.mw'.

[31


] (./main.mw)
\openout4 = `main.mw'.

Package mdframed Info: mdframed works in twoside mode on input line 511.
Package mdframed Info: mdframed detected package amsthm 
 changed the theorem header of amsthm
(mdframed)              on input line 511.
Package mdframed Info: mdframed detected package amsthm 
 changed the theorem header of amsthm
(mdframed)              on input line 513.
\openout4 = `main.mw'.

 [32] (./main.mw)
\openout4 = `main.mw'.


chapter 8.
Package mdframed Info: mdframed works in twoside mode on input line 527.
Package mdframed Info: mdframed detected package amsthm 
 changed the theorem header of amsthm
(mdframed)              on input line 527.
Package mdframed Info: mdframed detected package amsthm 
 changed the theorem header of amsthm
(mdframed)              on input line 529.
\openout4 = `main.mw'.

[33


] (./main.mw)
\openout4 = `main.mw'.

\openout4 = `main.mw'.

 [34


] (./main.mw)
\openout4 = `main.mw'.


chapter 9.
Package mdframed Info: mdframed works in twoside mode on input line 544.
Package mdframed Info: mdframed detected package amsthm 
 changed the theorem header of amsthm
(mdframed)              on input line 544.
Package mdframed Info: mdframed detected package amsthm 
 changed the theorem header of amsthm
(mdframed)              on input line 546.
\openout4 = `main.mw'.

[35] (./main.mw)
\openout4 = `main.mw'.

\openout4 = `main.mw'.

 [36


] (./main.mw)
\openout4 = `main.mw'.


chapter 10.
Package mdframed Info: mdframed works in twoside mode on input line 556.
Package mdframed Info: mdframed detected package amsthm 
 changed the theorem header of amsthm
(mdframed)              on input line 556.
Package mdframed Info: mdframed detected package amsthm 
 changed the theorem header of amsthm
(mdframed)              on input line 558.
\openout4 = `main.mw'.

[37] (./main.mw)
\openout4 = `main.mw'.

Package mdframed Info: mdframed works in twoside mode on input line 569.
Package mdframed Info: mdframed detected package amsthm 
 changed the theorem header of amsthm
(mdframed)              on input line 569.
Package mdframed Info: mdframed detected package amsthm 
 changed the theorem header of amsthm
(mdframed)              on input line 571.
\openout4 = `main.mw'.

 [38] (./main.mw)
\openout4 = `main.mw'.


chapter 11.
Package mdframed Info: mdframed works in twoside mode on input line 583.
Package mdframed Info: mdframed detected package amsthm 
 changed the theorem header of amsthm
(mdframed)              on input line 583.
Package mdframed Info: mdframed detected package amsthm 
 changed the theorem header of amsthm
(mdframed)              on input line 585.
Package mdframed Info: mdframed works in twoside mode on input line 587.
Package mdframed Info: mdframed detected package amsthm 
 changed the theorem header of amsthm
(mdframed)              on input line 587.
Package mdframed Info: mdframed detected package amsthm 
 changed the theorem header of amsthm
(mdframed)              on input line 589.
\openout4 = `main.mw'.

[39


] (./main.mw)
\openout4 = `main.mw'.

\openout4 = `main.mw'.

 [40


] (./main.mw)
\openout4 = `main.mw'.


part without number

Package hyperref Warning: Token not allowed in a PDF string (Unicode):
(hyperref)                removing `\newline' on input line 595.

\openout4 = `main.mw'.

[41] (./main.mw)
\openout4 = `main.mw'.

\openout4 = `main.mw'.

 [42] (./main.mw)
\openout4 = `main.mw'.


chapter 12.
Package mdframed Info: mdframed works in twoside mode on input line 609.
Package mdframed Info: mdframed detected package amsthm 
 changed the theorem header of amsthm
(mdframed)              on input line 609.
Package mdframed Info: mdframed detected package amsthm 
 changed the theorem header of amsthm
(mdframed)              on input line 611.
\openout4 = `main.mw'.

[43


] (./main.mw)
\openout4 = `main.mw'.

\openout4 = `main.mw'.

 [44


] (./main.mw)
\openout4 = `main.mw'.


chapter 13.

Underfull \hbox (badness 4779) in paragraph at lines 615--615
[]\T1/zpllf/m/n/8 (+20) The au-thor's \T1/fvm/m/n/8 webdoc2 \T1/zpllf/m/n/8 (+2
0) wraps Ben
 []


pdfTeX warning (ext4): destination with the same identifier (name{appliedexampl
e.1}) has been already used, duplicate ignored
<to be read again> 
                   \relax 
l.622 ...From Do-File to Shareable Project Portal]
                                                  
Package mdframed Info: mdframed works in twoside mode on input line 622.
Package mdframed Info: mdframed detected package amsthm 
 changed the theorem header of amsthm
(mdframed)              on input line 622.
Package mdframed Info: mdframed detected package amsthm 
 changed the theorem header of amsthm
(mdframed)              on input line 636.
\openout4 = `main.mw'.

 [45] (./main.mw)
\openout4 = `main.mw'.

Package mdframed Info: mdframed works in twoside mode on input line 645.
Package mdframed Info: mdframed detected package amsthm 
 changed the theorem header of amsthm
(mdframed)              on input line 645.
Package mdframed Info: mdframed detected package amsthm 
 changed the theorem header of amsthm
(mdframed)              on input line 647.
\openout4 = `main.mw'.

 [46]
(./main.mw)
\openout4 = `main.mw'.


part without number

Package hyperref Warning: Token not allowed in a PDF string (Unicode):
(hyperref)                removing `\newline' on input line 653.

LaTeX Font Info:    Font shape `T1/fvm/b/sc' will be
(Font)              scaled to size 21.14815pt on input line 653.
Package microtype Info: Character `029' is missing
(microtype)             in font `T1/fvm/b/sc/24.88'.
(microtype)             Ignoring protrusion settings for this character.
\openout4 = `main.mw'.

[47


] (./main.mw)
\openout4 = `main.mw'.

\openout4 = `main.mw'.

 [48] (./main.mw)
\openout4 = `main.mw'.


chapter 14.

Underfull \hbox (badness 4072) in paragraph at lines 660--660
[]\T1/zpllf/m/n/8 (+20) Running case study: the au-thor's
 []


Underfull \hbox (badness 10000) in paragraph at lines 660--660
\T1/fvm/m/n/8 _-codeshare \T1/zpllf/m/n/8 (+20) suite---\T1/fvm/m/n/8 projectbu
ilder\T1/zpllf/m/n/8 (+20) ,
 []


Underfull \hbox (badness 10000) in paragraph at lines 660--660
\T1/fvm/m/n/8 driveuse\T1/zpllf/m/n/8 (+20) , \T1/fvm/m/n/8 dsload\T1/zpllf/m/n
/8 (+20) , \T1/fvm/m/n/8 dsconvert\T1/zpllf/m/n/8 (+20) ,
 []


Underfull \hbox (badness 10000) in paragraph at lines 660--660
\T1/fvm/m/n/8 convertanything\T1/zpllf/m/n/8 (+20) , \T1/fvm/m/n/8 editanything
\T1/zpllf/m/n/8 (+20) ,
 []


Underfull \hbox (badness 10000) in paragraph at lines 660--660
\T1/fvm/m/n/8 webdoc2\T1/zpllf/m/n/8 (+20) , and \T1/fvm/m/n/8 statashiny\T1/zp
llf/m/n/8 (+20) ---each
 []


Underfull \hbox (badness 10000) in paragraph at lines 660--660
\T1/zpllf/m/n/8 (+20) shipped via GitHub with a
 []


Underfull \hbox (badness 7238) in paragraph at lines 660--660
\T1/fvm/m/n/8 .pkg\T1/zpllf/m/n/8 (+20) /\T1/fvm/m/n/8 stata.toc \T1/zpllf/m/n/
8 (+20) pair for one-line
 []


Underfull \hbox (badness 2564) in paragraph at lines 660--660
\T1/fvm/m/n/8 net install\T1/zpllf/m/n/8 (+20) , a README, and an
 []


Underfull \hbox (badness 2460) in paragraph at lines 661--662
\T1/zpllf/m/n/10 (+20) Treating in-ter-nal scripts like software---versioned, d
oc-u-mented,
 []


pdfTeX warning (ext4): destination with the same identifier (name{appliedexampl
e.1}) has been already used, duplicate ignored
<to be read again> 
                   \relax 
l.663 ...ning a One-Off Script Into a Shared Tool]
                                                  
Package mdframed Info: mdframed works in twoside mode on input line 663.
Package mdframed Info: mdframed detected package amsthm 
 changed the theorem header of amsthm
(mdframed)              on input line 663.
Package mdframed Info: mdframed detected package amsthm 
 changed the theorem header of amsthm
(mdframed)              on input line 678.

Underfull \hbox (badness 10000) in paragraph at lines 681--681
[]\T1/zpllf/m/n/8 (+20) While draft-ing, \T1/fvm/m/n/8 editanything
 []

\openout4 = `main.mw'.

[49


] (./main.mw)
\openout4 = `main.mw'.

\openout4 = `main.mw'.

 [50] (./main.mw)
\openout4 = `main.mw'.


chapter 15.
Package mdframed Info: mdframed works in twoside mode on input line 691.
Package mdframed Info: mdframed detected package amsthm 
 changed the theorem header of amsthm
(mdframed)              on input line 691.
Package mdframed Info: mdframed detected package amsthm 
 changed the theorem header of amsthm
(mdframed)              on input line 693.
\openout4 = `main.mw'.

[51


] (./main.mw)
\openout4 = `main.mw'.

\openout4 = `main.mw'.

 [52


] (./main.mw)
\openout4 = `main.mw'.


part without number
\openout4 = `main.mw'.

[53] (./main.mw)
\openout4 = `main.mw'.

\openout4 = `main.mw'.

 [54] (./main.mw)
\openout4 = `main.mw'.

\openout4 = `main.mw'.

 [55


] (./main.mw)
\openout4 = `main.mw'.

\openout4 = `main.mw'.

 [56


] (./main.mw)
\openout4 = `main.mw'.

\openout4 = `main.mw'.

 [57]
(./main.mw)
\openout4 = `main.mw'.

\openout4 = `main.mw'.

 [58


] (./main.mw)
\openout4 = `main.mw'.

\openout4 = `main.mw'.

 [59] (./main.mw)
\openout4 = `main.mw'.

\openout4 = `main.mw'.

 [60


] (./main.mw)
\openout4 = `main.mw'.

Package mdframed Info: mdframed works in twoside mode on input line 744.
Package mdframed Info: mdframed detected package amsthm 
 changed the theorem header of amsthm
(mdframed)              on input line 744.
Package mdframed Info: mdframed detected package amsthm 
 changed the theorem header of amsthm
(mdframed)              on input line 748.
\openout4 = `main.mw'.

 [61] (./main.mw)
\openout4 = `main.mw'.

Package mdframed Info: mdframed works in twoside mode on input line 768.
Package mdframed Info: mdframed detected package amsthm 
 changed the theorem header of amsthm
(mdframed)              on input line 768.

Underfull \hbox (badness 1194) in paragraph at lines 769--772
[]\T1/zpllf/b/n/10 (+20) Data: \T1/zpllf/m/n/10 (+20) Texas school per-for-manc
e (STAAR), 2012--2025, school
 []


Underfull \hbox (badness 1960) in paragraph at lines 769--772
\T1/zpllf/m/n/10 (+20) level (TEA via the EDC/Zelma ex-port; large pub-lic CSVs
,
 []


Underfull \hbox (badness 1721) in paragraph at lines 769--772
\LMS/npxsy/m/n/10 ^^Y$\T1/zpllf/m/n/10 (+20) 400MB per year). \T1/zpllf/b/n/10 
(+20) Run: \T1/fvm/m/n/10 analyze_-performance.do\T1/zpllf/m/n/10 (+20) . \T1/z
pllf/b/n/10 (+20) Out-puts:
 []


Underfull \hbox (badness 2269) in paragraph at lines 769--772
\T1/fvm/m/n/10 analytic_-performance.dta\T1/zpllf/m/n/10 (+20) , four trend fig
-ures, a log. \T1/zpllf/b/n/10 (+20) Unit:
 []

Package mdframed Info: mdframed detected package amsthm 
 changed the theorem header of amsthm
(mdframed)              on input line 772.
\openout4 = `main.mw'.

[62] (./main.mw)
\openout4 = `main.mw'.

\openout4 = `main.mw'.

 [63] (./main.mw)
\openout4 = `main.mw'.

\openout4 = `main.mw'.

 [64


] (./main.mw)
\openout4 = `main.mw'.

*geometry* verbose mode - [ newgeometry ] result:
* driver: pdftex
* paper: custom
* layout: <same size as paper>
* layoutoffset:(h,v)=(0.0pt,0.0pt)
* modes: twoside 
* h-part:(L,W,R)=(70.56247pt, 456.37979pt, 70.56247pt)
* v-part:(T,H,B)=(77.96011pt, 689.12218pt, 77.96011pt)
* \paperwidth=597.50473pt
* \paperheight=845.0424pt
* \textwidth=456.37979pt
* \textheight=689.12218pt
* \oddsidemargin=-1.70752pt
* \evensidemargin=-1.70752pt
* \topmargin=-40.60774pt
* \headheight=15.0pt
* \headsep=31.29787pt
* \topskip=10.0pt
* \footskip=42.0pt
* \marginparwidth=0.0pt
* \marginparsep=0.0pt
* \columnsep=10.0pt
* \skip\footins=9.0pt plus 4.0pt minus 2.0pt
* \hoffset=0.0pt
* \voffset=0.0pt
* \mag=1000
* \@twocolumnfalse
* \@twosidetrue
* \@mparswitchtrue
* \@reversemarginfalse
* (1in=72.27pt=25.4mm, 1cm=28.453pt)



LaTeX Warning: Empty bibliography on input line 796.


Package glossaries Warning: No \printglossary or \printglossaries found. 
(Remove \makeglossaries if you don't want any glossaries.) 
This document will not have a glossary.

\openout4 = `main.mw'.

\openout4 = `main.mw'.

(./main.aux
\openout4 = `main.mw'.

\openout4 = `main.mw'.

\openout4 = `main.mw'.

\openout4 = `main.mw'.

\openout4 = `main.mw'.

\openout4 = `main.mw'.

\openout4 = `main.mw'.

\openout4 = `main.mw'.

\openout4 = `main.mw'.

\openout4 = `main.mw'.

\openout4 = `main.mw'.

\openout4 = `main.mw'.

\openout4 = `main.mw'.

\openout4 = `main.mw'.

\openout4 = `main.mw'.

\openout4 = `main.mw'.

\openout4 = `main.mw'.

\openout4 = `main.mw'.

\openout4 = `main.mw'.

\openout4 = `main.mw'.

\openout4 = `main.mw'.

\openout4 = `main.mw'.

\openout4 = `main.mw'.

\openout4 = `main.mw'.

\openout4 = `main.mw'.

\openout4 = `main.mw'.

\openout4 = `main.mw'.

\openout4 = `main.mw'.

\openout4 = `main.mw'.

\openout4 = `main.mw'.

\openout4 = `main.mw'.

\openout4 = `main.mw'.

\openout4 = `main.mw'.

\openout4 = `main.mw'.

\openout4 = `main.mw'.

\openout4 = `main.mw'.

\openout4 = `main.mw'.

\openout4 = `main.mw'.

\openout4 = `main.mw'.

\openout4 = `main.mw'.

\openout4 = `main.mw'.

\openout4 = `main.mw'.

\openout4 = `main.mw'.

\openout4 = `main.mw'.

\openout4 = `main.mw'.

\openout4 = `main.mw'.

\openout4 = `main.mw'.

\openout4 = `main.mw'.

\openout4 = `main.mw'.

\openout4 = `main.mw'.

\openout4 = `main.mw'.

\openout4 = `main.mw'.

\openout4 = `main.mw'.

\openout4 = `main.mw'.

\openout4 = `main.mw'.

\openout4 = `main.mw'.

\openout4 = `main.mw'.

\openout4 = `main.mw'.

\openout4 = `main.mw'.

\openout4 = `main.mw'.

\openout4 = `main.mw'.

\openout4 = `main.mw'.

\openout4 = `main.mw'.

\openout4 = `main.mw'.

\openout4 = `main.mw'.

\openout4 = `main.mw'.

\openout4 = `main.mw'.

\openout4 = `main.mw'.

\openout4 = `main.mw'.

\openout4 = `main.mw'.

\openout4 = `main.mw'.

\openout4 = `main.mw'.

\openout4 = `main.mw'.

\openout4 = `main.mw'.

\openout4 = `main.mw'.

\openout4 = `main.mw'.

\openout4 = `main.mw'.

\openout4 = `main.mw'.

\openout4 = `main.mw'.

\openout4 = `main.mw'.

\openout4 = `main.mw'.

\openout4 = `main.mw'.

\openout4 = `main.mw'.

\openout4 = `main.mw'.

\openout4 = `main.mw'.

\openout4 = `main.mw'.

\openout4 = `main.mw'.

\openout4 = `main.mw'.

\openout4 = `main.mw'.

\openout4 = `main.mw'.

\openout4 = `main.mw'.

\openout4 = `main.mw'.

\openout4 = `main.mw'.

\openout4 = `main.mw'.

\openout4 = `main.mw'.

\openout4 = `main.mw'.

\openout4 = `main.mw'.

\openout4 = `main.mw'.

\openout4 = `main.mw'.

\openout4 = `main.mw'.

\openout4 = `main.mw'.

\openout4 = `main.mw'.

\openout4 = `main.mw'.

\openout4 = `main.mw'.

\openout4 = `main.mw'.

\openout4 = `main.mw'.

\openout4 = `main.mw'.

\openout4 = `main.mw'.

\openout4 = `main.mw'.

\openout4 = `main.mw'.

\openout4 = `main.mw'.

\openout4 = `main.mw'.

\openout4 = `main.mw'.

\openout4 = `main.mw'.

\openout4 = `main.mw'.

\openout4 = `main.mw'.

\openout4 = `main.mw'.

\openout4 = `main.mw'.

\openout4 = `main.mw'.

\openout4 = `main.mw'.

\openout4 = `main.mw'.

\openout4 = `main.mw'.

\openout4 = `main.mw'.

\openout4 = `main.mw'.

\openout4 = `main.mw'.

\openout4 = `main.mw'.

\openout4 = `main.mw'.

\openout4 = `main.mw'.

\openout4 = `main.mw'.

\openout4 = `main.mw'.

\openout4 = `main.mw'.

\openout4 = `main.mw'.

\openout4 = `main.mw'.

\openout4 = `main.mw'.

\openout4 = `main.mw'.

\openout4 = `main.mw'.

\openout4 = `main.mw'.

\openout4 = `main.mw'.

\openout4 = `main.mw'.

\openout4 = `main.mw'.

\openout4 = `main.mw'.

\openout4 = `main.mw'.

\openout4 = `main.mw'.

\openout4 = `main.mw'.

\openout4 = `main.mw'.

\openout4 = `main.mw'.

\openout4 = `main.mw'.

\openout4 = `main.mw'.

\openout4 = `main.mw'.

\openout4 = `main.mw'.

\openout4 = `main.mw'.

\openout4 = `main.mw'.

\openout4 = `main.mw'.

\openout4 = `main.mw'.

\openout4 = `main.mw'.

\openout4 = `main.mw'.

\openout4 = `main.mw'.

\openout4 = `main.mw'.

\openout4 = `main.mw'.

\openout4 = `main.mw'.

\openout4 = `main.mw'.

\openout4 = `main.mw'.

\openout4 = `main.mw'.

\openout4 = `main.mw'.

\openout4 = `main.mw'.

\openout4 = `main.mw'.

\openout4 = `main.mw'.

\openout4 = `main.mw'.

\openout4 = `main.mw'.

\openout4 = `main.mw'.

\openout4 = `main.mw'.

\openout4 = `main.mw'.

\openout4 = `main.mw'.

\openout4 = `main.mw'.

\openout4 = `main.mw'.

\openout4 = `main.mw'.

\openout4 = `main.mw'.

\openout4 = `main.mw'.

\openout4 = `main.mw'.

\openout4 = `main.mw'.

\openout4 = `main.mw'.

\openout4 = `main.mw'.

\openout4 = `main.mw'.

\openout4 = `main.mw'.

\openout4 = `main.mw'.

\openout4 = `main.mw'.

\openout4 = `main.mw'.

\openout4 = `main.mw'.

\openout4 = `main.mw'.

\openout4 = `main.mw'.

\openout4 = `main.mw'.

\openout4 = `main.mw'.

\openout4 = `main.mw'.

\openout4 = `main.mw'.

\openout4 = `main.mw'.

\openout4 = `main.mw'.

\openout4 = `main.mw'.

\openout4 = `main.mw'.

\openout4 = `main.mw'.

\openout4 = `main.mw'.

\openout4 = `main.mw'.

\openout4 = `main.mw'.

\openout4 = `main.mw'.

\openout4 = `main.mw'.

\openout4 = `main.mw'.

\openout4 = `main.mw'.

\openout4 = `main.mw'.

\openout4 = `main.mw'.

\openout4 = `main.mw'.

\openout4 = `main.mw'.

\openout4 = `main.mw'.

\openout4 = `main.mw'.

\openout4 = `main.mw'.

\openout4 = `main.mw'.

\openout4 = `main.mw'.

\openout4 = `main.mw'.

\openout4 = `main.mw'.

\openout4 = `main.mw'.

\openout4 = `main.mw'.

\openout4 = `main.mw'.

\openout4 = `main.mw'.

\openout4 = `main.mw'.

\openout4 = `main.mw'.

\openout4 = `main.mw'.

\openout4 = `main.mw'.

\openout4 = `main.mw'.

\openout4 = `main.mw'.

\openout4 = `main.mw'.

\openout4 = `main.mw'.

\openout4 = `main.mw'.

\openout4 = `main.mw'.

\openout4 = `main.mw'.

\openout4 = `main.mw'.

\openout4 = `main.mw'.

\openout4 = `main.mw'.

\openout4 = `main.mw'.

\openout4 = `main.mw'.

\openout4 = `main.mw'.

\openout4 = `main.mw'.

\openout4 = `main.mw'.

\openout4 = `main.mw'.

\openout4 = `main.mw'.

\openout4 = `main.mw'.

\openout4 = `main.mw'.

\openout4 = `main.mw'.

\openout4 = `main.mw'.

\openout4 = `main.mw'.

\openout4 = `main.mw'.

\openout4 = `main.mw'.

\openout4 = `main.mw'.

\openout4 = `main.mw'.

\openout4 = `main.mw'.

\openout4 = `main.mw'.

\openout4 = `main.mw'.

\openout4 = `main.mw'.

\openout4 = `main.mw'.

\openout4 = `main.mw'.

\openout4 = `main.mw'.

\openout4 = `main.mw'.

\openout4 = `main.mw'.

\openout4 = `main.mw'.

\openout4 = `main.mw'.

\openout4 = `main.mw'.

\openout4 = `main.mw'.

\openout4 = `main.mw'.

\openout4 = `main.mw'.

\openout4 = `main.mw'.

\openout4 = `main.mw'.

\openout4 = `main.mw'.

\openout4 = `main.mw'.

\openout4 = `main.mw'.

\openout4 = `main.mw'.

\openout4 = `main.mw'.

\openout4 = `main.mw'.

\openout4 = `main.mw'.

\openout4 = `main.mw'.

\openout4 = `main.mw'.

\openout4 = `main.mw'.

\openout4 = `main.mw'.

\openout4 = `main.mw'.

\openout4 = `main.mw'.

\openout4 = `main.mw'.

\openout4 = `main.mw'.

\openout4 = `main.mw'.

\openout4 = `main.mw'.

\openout4 = `main.mw'.

\openout4 = `main.mw'.

\openout4 = `main.mw'.

\openout4 = `main.mw'.

\openout4 = `main.mw'.

\openout4 = `main.mw'.

\openout4 = `main.mw'.

\openout4 = `main.mw'.

\openout4 = `main.mw'.

\openout4 = `main.mw'.

\openout4 = `main.mw'.

\openout4 = `main.mw'.

\openout4 = `main.mw'.

\openout4 = `main.mw'.

\openout4 = `main.mw'.

\openout4 = `main.mw'.

\openout4 = `main.mw'.

\openout4 = `main.mw'.

\openout4 = `main.mw'.

\openout4 = `main.mw'.

\openout4 = `main.mw'.

\openout4 = `main.mw'.

\openout4 = `main.mw'.

\openout4 = `main.mw'.

\openout4 = `main.mw'.

\openout4 = `main.mw'.

\openout4 = `main.mw'.

\openout4 = `main.mw'.

\openout4 = `main.mw'.

\openout4 = `main.mw'.

\openout4 = `main.mw'.

\openout4 = `main.mw'.

\openout4 = `main.mw'.

\openout4 = `main.mw'.

\openout4 = `main.mw'.

\openout4 = `main.mw'.

\openout4 = `main.mw'.

\openout4 = `main.mw'.

\openout4 = `main.mw'.

\openout4 = `main.mw'.

\openout4 = `main.mw'.

\openout4 = `main.mw'.

\openout4 = `main.mw'.

\openout4 = `main.mw'.

\openout4 = `main.mw'.

\openout4 = `main.mw'.

\openout4 = `main.mw'.

\openout4 = `main.mw'.

\openout4 = `main.mw'.

\openout4 = `main.mw'.

\openout4 = `main.mw'.

\openout4 = `main.mw'.

\openout4 = `main.mw'.

\openout4 = `main.mw'.

\openout4 = `main.mw'.

\openout4 = `main.mw'.

\openout4 = `main.mw'.

\openout4 = `main.mw'.

\openout4 = `main.mw'.

\openout4 = `main.mw'.

\openout4 = `main.mw'.

\openout4 = `main.mw'.

\openout4 = `main.mw'.

\openout4 = `main.mw'.

\openout4 = `main.mw'.

\openout4 = `main.mw'.

\openout4 = `main.mw'.

\openout4 = `main.mw'.

\openout4 = `main.mw'.

\openout4 = `main.mw'.

\openout4 = `main.mw'.

\openout4 = `main.mw'.

\openout4 = `main.mw'.

\openout4 = `main.mw'.

\openout4 = `main.mw'.

\openout4 = `main.mw'.

\openout4 = `main.mw'.

\openout4 = `main.mw'.

\openout4 = `main.mw'.

\openout4 = `main.mw'.

\openout4 = `main.mw'.

\openout4 = `main.mw'.

\openout4 = `main.mw'.

\openout4 = `main.mw'.

\openout4 = `main.mw'.

\openout4 = `main.mw'.

\openout4 = `main.mw'.

\openout4 = `main.mw'.

\openout4 = `main.mw'.

\openout4 = `main.mw'.

\openout4 = `main.mw'.

\openout4 = `main.mw'.

\openout4 = `main.mw'.

\openout4 = `main.mw'.

\openout4 = `main.mw'.

\openout4 = `main.mw'.

\openout4 = `main.mw'.

\openout4 = `main.mw'.

\openout4 = `main.mw'.

\openout4 = `main.mw'.

\openout4 = `main.mw'.

\openout4 = `main.mw'.

\openout4 = `main.mw'.

\openout4 = `main.mw'.

\openout4 = `main.mw'.

\openout4 = `main.mw'.

\openout4 = `main.mw'.

\openout4 = `main.mw'.

\openout4 = `main.mw'.

\openout4 = `main.mw'.

\openout4 = `main.mw'.

\openout4 = `main.mw'.

\openout4 = `main.mw'.

\openout4 = `main.mw'.

\openout4 = `main.mw'.

\openout4 = `main.mw'.

\openout4 = `main.mw'.

\openout4 = `main.mw'.

\openout4 = `main.mw'.

\openout4 = `main.mw'.

\openout4 = `main.mw'.

\openout4 = `main.mw'.

\openout4 = `main.mw'.

)
 ***********
LaTeX2e <2025-11-01>
L3 programming layer <2020/03/25>
 ***********


LaTeX Font Warning: Some font shapes were not available, defaults substituted.


LaTeX Warning: There were undefined references.


Package biblatex Warning: Please (re)run Biber on the file:
(biblatex)                main
(biblatex)                and rerun LaTeX afterwards.

\openout4 = `main.mw'.

\openout4 = `main.mw'.

\openout4 = `main.bcf'.

Package logreq Info: Writing requests to 'main.run.xml'.
\openout1 = `main.run.xml'.

\openout4 = `main.idx'.

\openout4 = `main.glo'.

\openout4 = `main.toc'.

\openout4 = `main.lof'.

\openout4 = `main.lot'.

 ) 
Here is how much of TeX's memory you used:
 63659 strings out of 467525
 1280798 string characters out of 5418982
 2557807 words of memory out of 5000000
 89753 multiletter control sequences out of 15000+600000
 765339 words of font info for 329 fonts, out of 8000000 for 9000
 1141 hyphenation exceptions out of 8191
 122i,19n,159p,11208b,2455s stack positions out of 10000i,1000n,20000p,200000b,200000s
</usr/local/texlive/2026/texmf-dist/fonts/type1/public/newpx/NewPXMI.pfb></us
r/local/texlive/2026/texmf-dist/fonts/type1/public/newpx/NewPXMI_gnu.pfb></usr/
local/texlive/2026/texmf-dist/fonts/type1/public/bera/fvmb8a.pfb></usr/local/te
xlive/2026/texmf-dist/fonts/type1/public/bera/fvmr8a.pfb></usr/local/texlive/20
26/texmf-dist/fonts/type1/public/newpx/pxmiaX.pfb></usr/local/texlive/2026/texm
f-dist/fonts/type1/public/newpx/pxsys.pfb></usr/local/texlive/2026/texmf-dist/f
onts/type1/public/tex-gyre/qhvb.pfb></usr/local/texlive/2026/texmf-dist/fonts/t
ype1/public/newtx/txsym.pfb></usr/local/texlive/2026/texmf-dist/fonts/type1/pub
lic/newpx/zplb.pfb></usr/local/texlive/2026/texmf-dist/fonts/type1/public/newpx
/zplr.pfb></usr/local/texlive/2026/texmf-dist/fonts/type1/public/newpx/zplri.pf
b>
Output written on main.pdf (74 pages, 347497 bytes).
PDF statistics:
 1186 PDF objects out of 1200 (max. 8388607)
 1074 compressed objects within 11 object streams
 211 named destinations out of 1000 (max. 500000)
 60469 words of extra memory for PDF output out of 61914 (max. 10000000)

